ronda,orden,caso,operacion,localidad,motor,regiones_hogar,inicio_utc,latencia_ms,reintentos
1,1,escritura-cruza,escritura,cruza,postgres-1-nodo,cr-sj+cr-limon,2026-09-17T22:40:48.225+00:00,1.448,0
1,2,escritura-local,escritura,local,postgres-1-nodo,cr-sj,2026-09-17T22:40:48.227+00:00,1.625,0
1,3,lectura-local,lectura,local,postgres-1-nodo,cr-sj,2026-09-17T22:40:48.228+00:00,0.172,0
1,4,lectura-remota,lectura,remota,postgres-1-nodo,cr-limon,2026-09-17T22:40:48.228+00:00,0.159,0
2,1,escritura-cruza,escritura,cruza,postgres-1-nodo,cr-sj+cr-limon,2026-09-17T22:40:48.229+00:00,1.578,0
2,2,lectura-local,lectura,local,postgres-1-nodo,cr-sj,2026-09-17T22:40:48.230+00:00,0.221,0
2,3,escritura-local,escritura,local,postgres-1-nodo,cr-sj,2026-09-17T22:40:48.230+00:00,1.532,0
2,4,lectura-remota,lectura,remota,postgres-1-nodo,cr-limon,2026-09-17T22:40:48.232+00:00,0.219,0
3,1,escritura-local,escritura,local,postgres-1-nodo,cr-sj,2026-09-17T22:40:48.232+00:00,1.426,0
3,2,lectura-remota,lectura,remota,postgres-1-nodo,cr-limon,2026-09-17T22:40:48.234+00:00,0.170,0
3,3,escritura-cruza,escritura,cruza,postgres-1-nodo,cr-sj+cr-limon,2026-09-17T22:40:48.234+00:00,1.546,0
3,4,lectura-local,lectura,local,postgres-1-nodo,cr-sj,2026-09-17T22:40:48.235+00:00,0.191,0
4,1,escritura-local,escritura,local,postgres-1-nodo,cr-sj,2026-09-17T22:40:48.236+00:00,1.358,0
4,2,lectura-remota,lectura,remota,postgres-1-nodo,cr-limon,2026-09-17T22:40:48.237+00:00,0.198,0
4,3,lectura-local,lectura,local,postgres-1-nodo,cr-sj,2026-09-17T22:40:48.237+00:00,0.186,0
4,4,escritura-cruza,escritura,cruza,postgres-1-nodo,cr-sj+cr-limon,2026-09-17T22:40:48.237+00:00,1.803,0
5,1,lectura-local,lectura,local,postgres-1-nodo,cr-sj,2026-09-17T22:40:48.239+00:00,0.205,0
5,2,escritura-cruza,escritura,cruza,postgres-1-nodo,cr-sj+cr-limon,2026-09-17T22:40:48.239+00:00,1.723,0
5,3,escritura-local,escritura,local,postgres-1-nodo,cr-sj,2026-09-17T22:40:48.241+00:00,1.593,0
5,4,lectura-remota,lectura,remota,postgres-1-nodo,cr-limon,2026-09-17T22:40:48.243+00:00,0.237,0
6,1,escritura-local,escritura,local,postgres-1-nodo,cr-sj,2026-09-17T22:40:48.243+00:00,1.643,0
6,2,lectura-remota,lectura,remota,postgres-1-nodo,cr-limon,2026-09-17T22:40:48.245+00:00,0.184,0
6,3,escritura-cruza,escritura,cruza,postgres-1-nodo,cr-sj+cr-limon,2026-09-17T22:40:48.245+00:00,1.449,0
6,4,lectura-local,lectura,local,postgres-1-nodo,cr-sj,2026-09-17T22:40:48.246+00:00,0.176,0
7,1,lectura-local,lectura,local,postgres-1-nodo,cr-sj,2026-09-17T22:40:48.247+00:00,0.161,0
7,2,lectura-remota,lectura,remota,postgres-1-nodo,cr-limon,2026-09-17T22:40:48.247+00:00,0.392,0
7,3,escritura-cruza,escritura,cruza,postgres-1-nodo,cr-sj+cr-limon,2026-09-17T22:40:48.247+00:00,1.563,0
7,4,escritura-local,escritura,local,postgres-1-nodo,cr-sj,2026-09-17T22:40:48.249+00:00,1.484,0
8,1,lectura-local,lectura,local,postgres-1-nodo,cr-sj,2026-09-17T22:40:48.250+00:00,0.182,0
8,2,escritura-cruza,escritura,cruza,postgres-1-nodo,cr-sj+cr-limon,2026-09-17T22:40:48.250+00:00,1.519,0
8,3,escritura-local,escritura,local,postgres-1-nodo,cr-sj,2026-09-17T22:40:48.252+00:00,1.388,0
8,4,lectura-remota,lectura,remota,postgres-1-nodo,cr-limon,2026-09-17T22:40:48.253+00:00,0.167,0
9,1,lectura-local,lectura,local,postgres-1-nodo,cr-sj,2026-09-17T22:40:48.253+00:00,0.159,0
9,2,lectura-remota,lectura,remota,postgres-1-nodo,cr-limon,2026-09-17T22:40:48.254+00:00,0.156,0
9,3,escritura-local,escritura,local,postgres-1-nodo,cr-sj,2026-09-17T22:40:48.254+00:00,1.530,0
9,4,escritura-cruza,escritura,cruza,postgres-1-nodo,cr-sj+cr-limon,2026-09-17T22:40:48.255+00:00,1.674,0
10,1,escritura-local,escritura,local,postgres-1-nodo,cr-sj,2026-09-17T22:40:48.257+00:00,1.507,0
10,2,lectura-remota,lectura,remota,postgres-1-nodo,cr-limon,2026-09-17T22:40:48.259+00:00,0.173,0
10,3,escritura-cruza,escritura,cruza,postgres-1-nodo,cr-sj+cr-limon,2026-09-17T22:40:48.259+00:00,1.538,0
10,4,lectura-local,lectura,local,postgres-1-nodo,cr-sj,2026-09-17T22:40:48.260+00:00,0.181,0
11,1,escritura-cruza,escritura,cruza,postgres-1-nodo,cr-sj+cr-limon,2026-09-17T22:40:48.261+00:00,1.351,0
11,2,lectura-local,lectura,local,postgres-1-nodo,cr-sj,2026-09-17T22:40:48.262+00:00,0.170,0
11,3,escritura-local,escritura,local,postgres-1-nodo,cr-sj,2026-09-17T22:40:48.262+00:00,1.574,0
11,4,lectura-remota,lectura,remota,postgres-1-nodo,cr-limon,2026-09-17T22:40:48.264+00:00,0.225,0
12,1,lectura-local,lectura,local,postgres-1-nodo,cr-sj,2026-09-17T22:40:48.264+00:00,0.201,0
12,2,escritura-cruza,escritura,cruza,postgres-1-nodo,cr-sj+cr-limon,2026-09-17T22:40:48.264+00:00,1.381,0
12,3,lectura-remota,lectura,remota,postgres-1-nodo,cr-limon,2026-09-17T22:40:48.265+00:00,0.193,0
12,4,escritura-local,escritura,local,postgres-1-nodo,cr-sj,2026-09-17T22:40:48.266+00:00,1.400,0
13,1,lectura-remota,lectura,remota,postgres-1-nodo,cr-limon,2026-09-17T22:40:48.267+00:00,0.193,0
13,2,escritura-local,escritura,local,postgres-1-nodo,cr-sj,2026-09-17T22:40:48.267+00:00,1.635,0
13,3,lectura-local,lectura,local,postgres-1-nodo,cr-sj,2026-09-17T22:40:48.269+00:00,0.174,0
13,4,escritura-cruza,escritura,cruza,postgres-1-nodo,cr-sj+cr-limon,2026-09-17T22:40:48.269+00:00,1.426,0
14,1,escritura-local,escritura,local,postgres-1-nodo,cr-sj,2026-09-17T22:40:48.271+00:00,1.590,0
14,2,lectura-local,lectura,local,postgres-1-nodo,cr-sj,2026-09-17T22:40:48.272+00:00,0.217,0
14,3,escritura-cruza,escritura,cruza,postgres-1-nodo,cr-sj+cr-limon,2026-09-17T22:40:48.272+00:00,1.387,0
14,4,lectura-remota,lectura,remota,postgres-1-nodo,cr-limon,2026-09-17T22:40:48.274+00:00,0.172,0
15,1,lectura-local,lectura,local,postgres-1-nodo,cr-sj,2026-09-17T22:40:48.274+00:00,0.162,0
15,2,escritura-local,escritura,local,postgres-1-nodo,cr-sj,2026-09-17T22:40:48.274+00:00,1.304,0
15,3,escritura-cruza,escritura,cruza,postgres-1-nodo,cr-sj+cr-limon,2026-09-17T22:40:48.275+00:00,1.512,0
15,4,lectura-remota,lectura,remota,postgres-1-nodo,cr-limon,2026-09-17T22:40:48.277+00:00,0.171,0
16,1,escritura-local,escritura,local,postgres-1-nodo,cr-sj,2026-09-17T22:40:48.277+00:00,1.364,0
16,2,lectura-local,lectura,local,postgres-1-nodo,cr-sj,2026-09-17T22:40:48.279+00:00,0.224,0
16,3,escritura-cruza,escritura,cruza,postgres-1-nodo,cr-sj+cr-limon,2026-09-17T22:40:48.279+00:00,1.425,0
16,4,lectura-remota,lectura,remota,postgres-1-nodo,cr-limon,2026-09-17T22:40:48.280+00:00,0.236,0
17,1,lectura-local,lectura,local,postgres-1-nodo,cr-sj,2026-09-17T22:40:48.281+00:00,0.196,0
17,2,escritura-local,escritura,local,postgres-1-nodo,cr-sj,2026-09-17T22:40:48.281+00:00,1.517,0
17,3,escritura-cruza,escritura,cruza,postgres-1-nodo,cr-sj+cr-limon,2026-09-17T22:40:48.282+00:00,1.548,0
17,4,lectura-remota,lectura,remota,postgres-1-nodo,cr-limon,2026-09-17T22:40:48.284+00:00,0.182,0
18,1,escritura-cruza,escritura,cruza,postgres-1-nodo,cr-sj+cr-limon,2026-09-17T22:40:48.284+00:00,1.504,0
18,2,escritura-local,escritura,local,postgres-1-nodo,cr-sj,2026-09-17T22:40:48.286+00:00,1.377,0
18,3,lectura-local,lectura,local,postgres-1-nodo,cr-sj,2026-09-17T22:40:48.287+00:00,0.172,0
18,4,lectura-remota,lectura,remota,postgres-1-nodo,cr-limon,2026-09-17T22:40:48.287+00:00,0.164,0
19,1,escritura-cruza,escritura,cruza,postgres-1-nodo,cr-sj+cr-limon,2026-09-17T22:40:48.287+00:00,1.441,0
19,2,lectura-local,lectura,local,postgres-1-nodo,cr-sj,2026-09-17T22:40:48.289+00:00,0.199,0
19,3,escritura-local,escritura,local,postgres-1-nodo,cr-sj,2026-09-17T22:40:48.289+00:00,1.431,0
19,4,lectura-remota,lectura,remota,postgres-1-nodo,cr-limon,2026-09-17T22:40:48.290+00:00,0.172,0
20,1,escritura-cruza,escritura,cruza,postgres-1-nodo,cr-sj+cr-limon,2026-09-17T22:40:48.291+00:00,1.415,0
20,2,escritura-local,escritura,local,postgres-1-nodo,cr-sj,2026-09-17T22:40:48.292+00:00,1.435,0
20,3,lectura-local,lectura,local,postgres-1-nodo,cr-sj,2026-09-17T22:40:48.293+00:00,0.179,0
20,4,lectura-remota,lectura,remota,postgres-1-nodo,cr-limon,2026-09-17T22:40:48.294+00:00,0.161,0
21,1,lectura-local,lectura,local,postgres-1-nodo,cr-sj,2026-09-17T22:40:48.294+00:00,0.159,0
21,2,lectura-remota,lectura,remota,postgres-1-nodo,cr-limon,2026-09-17T22:40:48.294+00:00,0.158,0
21,3,escritura-local,escritura,local,postgres-1-nodo,cr-sj,2026-09-17T22:40:48.294+00:00,1.359,0
21,4,escritura-cruza,escritura,cruza,postgres-1-nodo,cr-sj+cr-limon,2026-09-17T22:40:48.296+00:00,1.546,0
22,1,lectura-local,lectura,local,postgres-1-nodo,cr-sj,2026-09-17T22:40:48.297+00:00,0.196,0
22,2,lectura-remota,lectura,remota,postgres-1-nodo,cr-limon,2026-09-17T22:40:48.297+00:00,0.164,0
22,3,escritura-cruza,escritura,cruza,postgres-1-nodo,cr-sj+cr-limon,2026-09-17T22:40:48.298+00:00,1.312,0
22,4,escritura-local,escritura,local,postgres-1-nodo,cr-sj,2026-09-17T22:40:48.299+00:00,1.372,0
23,1,lectura-local,lectura,local,postgres-1-nodo,cr-sj,2026-09-17T22:40:48.300+00:00,0.170,0
23,2,escritura-cruza,escritura,cruza,postgres-1-nodo,cr-sj+cr-limon,2026-09-17T22:40:48.300+00:00,1.500,0
23,3,escritura-local,escritura,local,postgres-1-nodo,cr-sj,2026-09-17T22:40:48.302+00:00,1.452,0
23,4,lectura-remota,lectura,remota,postgres-1-nodo,cr-limon,2026-09-17T22:40:48.303+00:00,0.207,0
24,1,lectura-local,lectura,local,postgres-1-nodo,cr-sj,2026-09-17T22:40:48.304+00:00,0.165,0
24,2,lectura-remota,lectura,remota,postgres-1-nodo,cr-limon,2026-09-17T22:40:48.304+00:00,0.160,0
24,3,escritura-cruza,escritura,cruza,postgres-1-nodo,cr-sj+cr-limon,2026-09-17T22:40:48.304+00:00,1.500,0
24,4,escritura-local,escritura,local,postgres-1-nodo,cr-sj,2026-09-17T22:40:48.305+00:00,1.541,0
25,1,escritura-cruza,escritura,cruza,postgres-1-nodo,cr-sj+cr-limon,2026-09-17T22:40:48.307+00:00,1.428,0
25,2,lectura-remota,lectura,remota,postgres-1-nodo,cr-limon,2026-09-17T22:40:48.308+00:00,0.172,0
25,3,lectura-local,lectura,local,postgres-1-nodo,cr-sj,2026-09-17T22:40:48.309+00:00,0.182,0
25,4,escritura-local,escritura,local,postgres-1-nodo,cr-sj,2026-09-17T22:40:48.309+00:00,1.381,0
26,1,escritura-local,escritura,local,postgres-1-nodo,cr-sj,2026-09-17T22:40:48.310+00:00,1.358,0
26,2,lectura-remota,lectura,remota,postgres-1-nodo,cr-limon,2026-09-17T22:40:48.312+00:00,0.165,0
26,3,lectura-local,lectura,local,postgres-1-nodo,cr-sj,2026-09-17T22:40:48.312+00:00,0.159,0
26,4,escritura-cruza,escritura,cruza,postgres-1-nodo,cr-sj+cr-limon,2026-09-17T22:40:48.312+00:00,1.480,0
27,1,lectura-local,lectura,local,postgres-1-nodo,cr-sj,2026-09-17T22:40:48.313+00:00,0.195,0
27,2,escritura-local,escritura,local,postgres-1-nodo,cr-sj,2026-09-17T22:40:48.314+00:00,1.461,0
27,3,lectura-remota,lectura,remota,postgres-1-nodo,cr-limon,2026-09-17T22:40:48.315+00:00,0.170,0
27,4,escritura-cruza,escritura,cruza,postgres-1-nodo,cr-sj+cr-limon,2026-09-17T22:40:48.315+00:00,1.489,0
28,1,lectura-remota,lectura,remota,postgres-1-nodo,cr-limon,2026-09-17T22:40:48.317+00:00,0.169,0
28,2,escritura-cruza,escritura,cruza,postgres-1-nodo,cr-sj+cr-limon,2026-09-17T22:40:48.317+00:00,1.477,0
28,3,lectura-local,lectura,local,postgres-1-nodo,cr-sj,2026-09-17T22:40:48.319+00:00,0.170,0
28,4,escritura-local,escritura,local,postgres-1-nodo,cr-sj,2026-09-17T22:40:48.319+00:00,1.405,0
29,1,escritura-cruza,escritura,cruza,postgres-1-nodo,cr-sj+cr-limon,2026-09-17T22:40:48.320+00:00,1.645,0
29,2,lectura-local,lectura,local,postgres-1-nodo,cr-sj,2026-09-17T22:40:48.322+00:00,0.167,0
29,3,escritura-local,escritura,local,postgres-1-nodo,cr-sj,2026-09-17T22:40:48.322+00:00,1.435,0
29,4,lectura-remota,lectura,remota,postgres-1-nodo,cr-limon,2026-09-17T22:40:48.323+00:00,0.183,0
30,1,escritura-local,escritura,local,postgres-1-nodo,cr-sj,2026-09-17T22:40:48.324+00:00,1.371,0
30,2,escritura-cruza,escritura,cruza,postgres-1-nodo,cr-sj+cr-limon,2026-09-17T22:40:48.325+00:00,1.398,0
30,3,lectura-local,lectura,local,postgres-1-nodo,cr-sj,2026-09-17T22:40:48.326+00:00,0.213,0
30,4,lectura-remota,lectura,remota,postgres-1-nodo,cr-limon,2026-09-17T22:40:48.327+00:00,0.179,0
31,1,lectura-local,lectura,local,postgres-1-nodo,cr-sj,2026-09-17T22:40:48.327+00:00,0.166,0
31,2,escritura-local,escritura,local,postgres-1-nodo,cr-sj,2026-09-17T22:40:48.327+00:00,1.327,0
31,3,escritura-cruza,escritura,cruza,postgres-1-nodo,cr-sj+cr-limon,2026-09-17T22:40:48.328+00:00,1.378,0
31,4,lectura-remota,lectura,remota,postgres-1-nodo,cr-limon,2026-09-17T22:40:48.330+00:00,0.184,0
32,1,lectura-remota,lectura,remota,postgres-1-nodo,cr-limon,2026-09-17T22:40:48.330+00:00,0.160,0
32,2,escritura-local,escritura,local,postgres-1-nodo,cr-sj,2026-09-17T22:40:48.330+00:00,1.362,0
32,3,escritura-cruza,escritura,cruza,postgres-1-nodo,cr-sj+cr-limon,2026-09-17T22:40:48.331+00:00,1.363,0
32,4,lectura-local,lectura,local,postgres-1-nodo,cr-sj,2026-09-17T22:40:48.333+00:00,0.166,0
33,1,lectura-remota,lectura,remota,postgres-1-nodo,cr-limon,2026-09-17T22:40:48.333+00:00,0.158,0
33,2,escritura-cruza,escritura,cruza,postgres-1-nodo,cr-sj+cr-limon,2026-09-17T22:40:48.333+00:00,1.546,0
33,3,lectura-local,lectura,local,postgres-1-nodo,cr-sj,2026-09-17T22:40:48.335+00:00,0.206,0
33,4,escritura-local,escritura,local,postgres-1-nodo,cr-sj,2026-09-17T22:40:48.335+00:00,1.395,0
34,1,lectura-remota,lectura,remota,postgres-1-nodo,cr-limon,2026-09-17T22:40:48.336+00:00,0.166,0
34,2,escritura-local,escritura,local,postgres-1-nodo,cr-sj,2026-09-17T22:40:48.337+00:00,1.355,0
34,3,escritura-cruza,escritura,cruza,postgres-1-nodo,cr-sj+cr-limon,2026-09-17T22:40:48.338+00:00,1.433,0
34,4,lectura-local,lectura,local,postgres-1-nodo,cr-sj,2026-09-17T22:40:48.339+00:00,0.167,0
35,1,lectura-remota,lectura,remota,postgres-1-nodo,cr-limon,2026-09-17T22:40:48.340+00:00,0.163,0
35,2,escritura-cruza,escritura,cruza,postgres-1-nodo,cr-sj+cr-limon,2026-09-17T22:40:48.340+00:00,1.382,0
35,3,escritura-local,escritura,local,postgres-1-nodo,cr-sj,2026-09-17T22:40:48.341+00:00,1.350,0
35,4,lectura-local,lectura,local,postgres-1-nodo,cr-sj,2026-09-17T22:40:48.342+00:00,0.171,0
36,1,escritura-cruza,escritura,cruza,postgres-1-nodo,cr-sj+cr-limon,2026-09-17T22:40:48.343+00:00,1.402,0
36,2,lectura-remota,lectura,remota,postgres-1-nodo,cr-limon,2026-09-17T22:40:48.344+00:00,0.178,0
36,3,escritura-local,escritura,local,postgres-1-nodo,cr-sj,2026-09-17T22:40:48.344+00:00,1.335,0
36,4,lectura-local,lectura,local,postgres-1-nodo,cr-sj,2026-09-17T22:40:48.346+00:00,0.164,0
37,1,escritura-cruza,escritura,cruza,postgres-1-nodo,cr-sj+cr-limon,2026-09-17T22:40:48.346+00:00,1.387,0
37,2,escritura-local,escritura,local,postgres-1-nodo,cr-sj,2026-09-17T22:40:48.347+00:00,1.481,0
37,3,lectura-local,lectura,local,postgres-1-nodo,cr-sj,2026-09-17T22:40:48.349+00:00,0.171,0
37,4,lectura-remota,lectura,remota,postgres-1-nodo,cr-limon,2026-09-17T22:40:48.349+00:00,0.165,0
38,1,lectura-local,lectura,local,postgres-1-nodo,cr-sj,2026-09-17T22:40:48.349+00:00,0.162,0
38,2,lectura-remota,lectura,remota,postgres-1-nodo,cr-limon,2026-09-17T22:40:48.349+00:00,0.160,0
38,3,escritura-cruza,escritura,cruza,postgres-1-nodo,cr-sj+cr-limon,2026-09-17T22:40:48.349+00:00,1.531,0
38,4,escritura-local,escritura,local,postgres-1-nodo,cr-sj,2026-09-17T22:40:48.351+00:00,1.651,0
39,1,lectura-remota,lectura,remota,postgres-1-nodo,cr-limon,2026-09-17T22:40:48.353+00:00,0.170,0
39,2,lectura-local,lectura,local,postgres-1-nodo,cr-sj,2026-09-17T22:40:48.353+00:00,0.162,0
39,3,escritura-cruza,escritura,cruza,postgres-1-nodo,cr-sj+cr-limon,2026-09-17T22:40:48.353+00:00,1.313,0
39,4,escritura-local,escritura,local,postgres-1-nodo,cr-sj,2026-09-17T22:40:48.354+00:00,1.358,0
40,1,escritura-cruza,escritura,cruza,postgres-1-nodo,cr-sj+cr-limon,2026-09-17T22:40:48.356+00:00,1.359,0
40,2,lectura-local,lectura,local,postgres-1-nodo,cr-sj,2026-09-17T22:40:48.357+00:00,0.168,0
40,3,lectura-remota,lectura,remota,postgres-1-nodo,cr-limon,2026-09-17T22:40:48.357+00:00,0.161,0
40,4,escritura-local,escritura,local,postgres-1-nodo,cr-sj,2026-09-17T22:40:48.357+00:00,1.299,0
41,1,lectura-local,lectura,local,postgres-1-nodo,cr-sj,2026-09-17T22:40:48.359+00:00,0.172,0
41,2,lectura-remota,lectura,remota,postgres-1-nodo,cr-limon,2026-09-17T22:40:48.359+00:00,0.163,0
41,3,escritura-cruza,escritura,cruza,postgres-1-nodo,cr-sj+cr-limon,2026-09-17T22:40:48.359+00:00,1.582,0
41,4,escritura-local,escritura,local,postgres-1-nodo,cr-sj,2026-09-17T22:40:48.361+00:00,1.423,0
42,1,escritura-local,escritura,local,postgres-1-nodo,cr-sj,2026-09-17T22:40:48.362+00:00,1.380,0
42,2,lectura-remota,lectura,remota,postgres-1-nodo,cr-limon,2026-09-17T22:40:48.364+00:00,0.223,0
42,3,escritura-cruza,escritura,cruza,postgres-1-nodo,cr-sj+cr-limon,2026-09-17T22:40:48.364+00:00,1.458,0
42,4,lectura-local,lectura,local,postgres-1-nodo,cr-sj,2026-09-17T22:40:48.365+00:00,0.168,0
43,1,lectura-remota,lectura,remota,postgres-1-nodo,cr-limon,2026-09-17T22:40:48.365+00:00,0.163,0
43,2,escritura-cruza,escritura,cruza,postgres-1-nodo,cr-sj+cr-limon,2026-09-17T22:40:48.366+00:00,1.408,0
43,3,escritura-local,escritura,local,postgres-1-nodo,cr-sj,2026-09-17T22:40:48.367+00:00,1.542,0
43,4,lectura-local,lectura,local,postgres-1-nodo,cr-sj,2026-09-17T22:40:48.369+00:00,0.207,0
44,1,escritura-cruza,escritura,cruza,postgres-1-nodo,cr-sj+cr-limon,2026-09-17T22:40:48.369+00:00,1.375,0
44,2,escritura-local,escritura,local,postgres-1-nodo,cr-sj,2026-09-17T22:40:48.370+00:00,1.305,0
44,3,lectura-local,lectura,local,postgres-1-nodo,cr-sj,2026-09-17T22:40:48.372+00:00,0.197,0
44,4,lectura-remota,lectura,remota,postgres-1-nodo,cr-limon,2026-09-17T22:40:48.372+00:00,0.164,0
45,1,lectura-remota,lectura,remota,postgres-1-nodo,cr-limon,2026-09-17T22:40:48.372+00:00,0.215,0
45,2,escritura-cruza,escritura,cruza,postgres-1-nodo,cr-sj+cr-limon,2026-09-17T22:40:48.372+00:00,1.441,0
45,3,escritura-local,escritura,local,postgres-1-nodo,cr-sj,2026-09-17T22:40:48.374+00:00,1.347,0
45,4,lectura-local,lectura,local,postgres-1-nodo,cr-sj,2026-09-17T22:40:48.375+00:00,0.168,0
46,1,lectura-remota,lectura,remota,postgres-1-nodo,cr-limon,2026-09-17T22:40:48.375+00:00,0.161,0
46,2,lectura-local,lectura,local,postgres-1-nodo,cr-sj,2026-09-17T22:40:48.375+00:00,0.160,0
46,3,escritura-cruza,escritura,cruza,postgres-1-nodo,cr-sj+cr-limon,2026-09-17T22:40:48.375+00:00,1.499,0
46,4,escritura-local,escritura,local,postgres-1-nodo,cr-sj,2026-09-17T22:40:48.377+00:00,1.609,0
47,1,lectura-remota,lectura,remota,postgres-1-nodo,cr-limon,2026-09-17T22:40:48.379+00:00,0.173,0
47,2,escritura-local,escritura,local,postgres-1-nodo,cr-sj,2026-09-17T22:40:48.379+00:00,1.359,0
47,3,lectura-local,lectura,local,postgres-1-nodo,cr-sj,2026-09-17T22:40:48.380+00:00,0.186,0
47,4,escritura-cruza,escritura,cruza,postgres-1-nodo,cr-sj+cr-limon,2026-09-17T22:40:48.380+00:00,1.428,0
48,1,escritura-cruza,escritura,cruza,postgres-1-nodo,cr-sj+cr-limon,2026-09-17T22:40:48.382+00:00,1.484,0
48,2,escritura-local,escritura,local,postgres-1-nodo,cr-sj,2026-09-17T22:40:48.383+00:00,1.423,0
48,3,lectura-local,lectura,local,postgres-1-nodo,cr-sj,2026-09-17T22:40:48.385+00:00,0.205,0
48,4,lectura-remota,lectura,remota,postgres-1-nodo,cr-limon,2026-09-17T22:40:48.385+00:00,0.181,0
49,1,escritura-local,escritura,local,postgres-1-nodo,cr-sj,2026-09-17T22:40:48.385+00:00,1.277,0
49,2,escritura-cruza,escritura,cruza,postgres-1-nodo,cr-sj+cr-limon,2026-09-17T22:40:48.386+00:00,1.252,0
49,3,lectura-remota,lectura,remota,postgres-1-nodo,cr-limon,2026-09-17T22:40:48.388+00:00,0.200,0
49,4,lectura-local,lectura,local,postgres-1-nodo,cr-sj,2026-09-17T22:40:48.388+00:00,0.160,0
50,1,lectura-local,lectura,local,postgres-1-nodo,cr-sj,2026-09-17T22:40:48.388+00:00,0.157,0
50,2,lectura-remota,lectura,remota,postgres-1-nodo,cr-limon,2026-09-17T22:40:48.388+00:00,0.156,0
50,3,escritura-local,escritura,local,postgres-1-nodo,cr-sj,2026-09-17T22:40:48.388+00:00,1.366,0
50,4,escritura-cruza,escritura,cruza,postgres-1-nodo,cr-sj+cr-limon,2026-09-17T22:40:48.390+00:00,1.323,0
51,1,lectura-local,lectura,local,postgres-1-nodo,cr-sj,2026-09-17T22:40:48.391+00:00,0.165,0
51,2,escritura-local,escritura,local,postgres-1-nodo,cr-sj,2026-09-17T22:40:48.391+00:00,1.511,0
51,3,escritura-cruza,escritura,cruza,postgres-1-nodo,cr-sj+cr-limon,2026-09-17T22:40:48.393+00:00,1.493,0
51,4,lectura-remota,lectura,remota,postgres-1-nodo,cr-limon,2026-09-17T22:40:48.394+00:00,0.183,0
52,1,escritura-cruza,escritura,cruza,postgres-1-nodo,cr-sj+cr-limon,2026-09-17T22:40:48.395+00:00,1.364,0
52,2,lectura-remota,lectura,remota,postgres-1-nodo,cr-limon,2026-09-17T22:40:48.396+00:00,0.167,0
52,3,escritura-local,escritura,local,postgres-1-nodo,cr-sj,2026-09-17T22:40:48.396+00:00,1.445,0
52,4,lectura-local,lectura,local,postgres-1-nodo,cr-sj,2026-09-17T22:40:48.398+00:00,0.167,0
53,1,escritura-local,escritura,local,postgres-1-nodo,cr-sj,2026-09-17T22:40:48.398+00:00,1.461,0
53,2,lectura-remota,lectura,remota,postgres-1-nodo,cr-limon,2026-09-17T22:40:48.399+00:00,0.183,0
53,3,lectura-local,lectura,local,postgres-1-nodo,cr-sj,2026-09-17T22:40:48.399+00:00,0.205,0
53,4,escritura-cruza,escritura,cruza,postgres-1-nodo,cr-sj+cr-limon,2026-09-17T22:40:48.400+00:00,1.407,0
54,1,escritura-cruza,escritura,cruza,postgres-1-nodo,cr-sj+cr-limon,2026-09-17T22:40:48.401+00:00,1.468,0
54,2,escritura-local,escritura,local,postgres-1-nodo,cr-sj,2026-09-17T22:40:48.403+00:00,1.380,0
54,3,lectura-remota,lectura,remota,postgres-1-nodo,cr-limon,2026-09-17T22:40:48.404+00:00,0.168,0
54,4,lectura-local,lectura,local,postgres-1-nodo,cr-sj,2026-09-17T22:40:48.404+00:00,0.161,0
55,1,lectura-remota,lectura,remota,postgres-1-nodo,cr-limon,2026-09-17T22:40:48.404+00:00,0.186,0
55,2,escritura-local,escritura,local,postgres-1-nodo,cr-sj,2026-09-17T22:40:48.404+00:00,1.512,0
55,3,lectura-local,lectura,local,postgres-1-nodo,cr-sj,2026-09-17T22:40:48.406+00:00,0.170,0
55,4,escritura-cruza,escritura,cruza,postgres-1-nodo,cr-sj+cr-limon,2026-09-17T22:40:48.406+00:00,1.320,0
56,1,escritura-cruza,escritura,cruza,postgres-1-nodo,cr-sj+cr-limon,2026-09-17T22:40:48.408+00:00,1.304,0
56,2,lectura-local,lectura,local,postgres-1-nodo,cr-sj,2026-09-17T22:40:48.409+00:00,0.165,0
56,3,lectura-remota,lectura,remota,postgres-1-nodo,cr-limon,2026-09-17T22:40:48.409+00:00,0.159,0
56,4,escritura-local,escritura,local,postgres-1-nodo,cr-sj,2026-09-17T22:40:48.409+00:00,1.412,0
57,1,lectura-local,lectura,local,postgres-1-nodo,cr-sj,2026-09-17T22:40:48.411+00:00,0.166,0
57,2,lectura-remota,lectura,remota,postgres-1-nodo,cr-limon,2026-09-17T22:40:48.411+00:00,0.158,0
57,3,escritura-cruza,escritura,cruza,postgres-1-nodo,cr-sj+cr-limon,2026-09-17T22:40:48.411+00:00,1.425,0
57,4,escritura-local,escritura,local,postgres-1-nodo,cr-sj,2026-09-17T22:40:48.412+00:00,1.461,0
58,1,escritura-local,escritura,local,postgres-1-nodo,cr-sj,2026-09-17T22:40:48.414+00:00,1.424,0
58,2,lectura-local,lectura,local,postgres-1-nodo,cr-sj,2026-09-17T22:40:48.415+00:00,0.168,0
58,3,escritura-cruza,escritura,cruza,postgres-1-nodo,cr-sj+cr-limon,2026-09-17T22:40:48.415+00:00,1.426,0
58,4,lectura-remota,lectura,remota,postgres-1-nodo,cr-limon,2026-09-17T22:40:48.417+00:00,0.169,0
59,1,lectura-remota,lectura,remota,postgres-1-nodo,cr-limon,2026-09-17T22:40:48.417+00:00,0.161,0
59,2,escritura-cruza,escritura,cruza,postgres-1-nodo,cr-sj+cr-limon,2026-09-17T22:40:48.417+00:00,1.383,0
59,3,escritura-local,escritura,local,postgres-1-nodo,cr-sj,2026-09-17T22:40:48.419+00:00,1.355,0
59,4,lectura-local,lectura,local,postgres-1-nodo,cr-sj,2026-09-17T22:40:48.420+00:00,0.176,0
60,1,lectura-remota,lectura,remota,postgres-1-nodo,cr-limon,2026-09-17T22:40:48.420+00:00,0.179,0
60,2,escritura-local,escritura,local,postgres-1-nodo,cr-sj,2026-09-17T22:40:48.420+00:00,1.335,0
60,3,escritura-cruza,escritura,cruza,postgres-1-nodo,cr-sj+cr-limon,2026-09-17T22:40:48.422+00:00,1.485,0
60,4,lectura-local,lectura,local,postgres-1-nodo,cr-sj,2026-09-17T22:40:48.423+00:00,0.175,0
61,1,lectura-remota,lectura,remota,postgres-1-nodo,cr-limon,2026-09-17T22:40:48.423+00:00,0.192,0
61,2,escritura-local,escritura,local,postgres-1-nodo,cr-sj,2026-09-17T22:40:48.424+00:00,1.404,0
61,3,escritura-cruza,escritura,cruza,postgres-1-nodo,cr-sj+cr-limon,2026-09-17T22:40:48.425+00:00,1.468,0
61,4,lectura-local,lectura,local,postgres-1-nodo,cr-sj,2026-09-17T22:40:48.427+00:00,0.189,0
62,1,lectura-local,lectura,local,postgres-1-nodo,cr-sj,2026-09-17T22:40:48.427+00:00,0.167,0
62,2,escritura-cruza,escritura,cruza,postgres-1-nodo,cr-sj+cr-limon,2026-09-17T22:40:48.427+00:00,1.474,0
62,3,escritura-local,escritura,local,postgres-1-nodo,cr-sj,2026-09-17T22:40:48.428+00:00,1.372,0
62,4,lectura-remota,lectura,remota,postgres-1-nodo,cr-limon,2026-09-17T22:40:48.430+00:00,0.191,0
63,1,lectura-local,lectura,local,postgres-1-nodo,cr-sj,2026-09-17T22:40:48.430+00:00,0.533,0
63,2,escritura-cruza,escritura,cruza,postgres-1-nodo,cr-sj+cr-limon,2026-09-17T22:40:48.431+00:00,1.361,0
63,3,lectura-remota,lectura,remota,postgres-1-nodo,cr-limon,2026-09-17T22:40:48.432+00:00,0.196,0
63,4,escritura-local,escritura,local,postgres-1-nodo,cr-sj,2026-09-17T22:40:48.432+00:00,1.539,0
64,1,escritura-cruza,escritura,cruza,postgres-1-nodo,cr-sj+cr-limon,2026-09-17T22:40:48.434+00:00,1.377,0
64,2,lectura-remota,lectura,remota,postgres-1-nodo,cr-limon,2026-09-17T22:40:48.435+00:00,0.172,0
64,3,escritura-local,escritura,local,postgres-1-nodo,cr-sj,2026-09-17T22:40:48.435+00:00,1.359,0
64,4,lectura-local,lectura,local,postgres-1-nodo,cr-sj,2026-09-17T22:40:48.437+00:00,0.171,0
65,1,lectura-local,lectura,local,postgres-1-nodo,cr-sj,2026-09-17T22:40:48.437+00:00,0.161,0
65,2,escritura-cruza,escritura,cruza,postgres-1-nodo,cr-sj+cr-limon,2026-09-17T22:40:48.437+00:00,1.374,0
65,3,lectura-remota,lectura,remota,postgres-1-nodo,cr-limon,2026-09-17T22:40:48.438+00:00,0.189,0
65,4,escritura-local,escritura,local,postgres-1-nodo,cr-sj,2026-09-17T22:40:48.439+00:00,1.829,0
66,1,lectura-local,lectura,local,postgres-1-nodo,cr-sj,2026-09-17T22:40:48.440+00:00,0.168,0
66,2,escritura-local,escritura,local,postgres-1-nodo,cr-sj,2026-09-17T22:40:48.441+00:00,1.700,0
66,3,escritura-cruza,escritura,cruza,postgres-1-nodo,cr-sj+cr-limon,2026-09-17T22:40:48.442+00:00,1.490,0
66,4,lectura-remota,lectura,remota,postgres-1-nodo,cr-limon,2026-09-17T22:40:48.444+00:00,0.175,0
67,1,escritura-cruza,escritura,cruza,postgres-1-nodo,cr-sj+cr-limon,2026-09-17T22:40:48.444+00:00,1.346,0
67,2,lectura-remota,lectura,remota,postgres-1-nodo,cr-limon,2026-09-17T22:40:48.445+00:00,0.169,0
67,3,lectura-local,lectura,local,postgres-1-nodo,cr-sj,2026-09-17T22:40:48.446+00:00,0.162,0
67,4,escritura-local,escritura,local,postgres-1-nodo,cr-sj,2026-09-17T22:40:48.446+00:00,1.392,0
68,1,lectura-remota,lectura,remota,postgres-1-nodo,cr-limon,2026-09-17T22:40:48.447+00:00,0.172,0
68,2,escritura-local,escritura,local,postgres-1-nodo,cr-sj,2026-09-17T22:40:48.447+00:00,1.354,0
68,3,escritura-cruza,escritura,cruza,postgres-1-nodo,cr-sj+cr-limon,2026-09-17T22:40:48.449+00:00,1.292,0
68,4,lectura-local,lectura,local,postgres-1-nodo,cr-sj,2026-09-17T22:40:48.450+00:00,0.172,0
69,1,lectura-local,lectura,local,postgres-1-nodo,cr-sj,2026-09-17T22:40:48.450+00:00,0.167,0
69,2,escritura-local,escritura,local,postgres-1-nodo,cr-sj,2026-09-17T22:40:48.450+00:00,1.446,0
69,3,lectura-remota,lectura,remota,postgres-1-nodo,cr-limon,2026-09-17T22:40:48.452+00:00,0.221,0
69,4,escritura-cruza,escritura,cruza,postgres-1-nodo,cr-sj+cr-limon,2026-09-17T22:40:48.452+00:00,1.485,0
70,1,escritura-cruza,escritura,cruza,postgres-1-nodo,cr-sj+cr-limon,2026-09-17T22:40:48.454+00:00,1.494,0
70,2,lectura-remota,lectura,remota,postgres-1-nodo,cr-limon,2026-09-17T22:40:48.455+00:00,0.279,0
70,3,lectura-local,lectura,local,postgres-1-nodo,cr-sj,2026-09-17T22:40:48.455+00:00,0.250,0
70,4,escritura-local,escritura,local,postgres-1-nodo,cr-sj,2026-09-17T22:40:48.456+00:00,1.488,0
71,1,escritura-cruza,escritura,cruza,postgres-1-nodo,cr-sj+cr-limon,2026-09-17T22:40:48.457+00:00,1.420,0
71,2,escritura-local,escritura,local,postgres-1-nodo,cr-sj,2026-09-17T22:40:48.459+00:00,1.524,0
71,3,lectura-local,lectura,local,postgres-1-nodo,cr-sj,2026-09-17T22:40:48.460+00:00,0.180,0
71,4,lectura-remota,lectura,remota,postgres-1-nodo,cr-limon,2026-09-17T22:40:48.460+00:00,0.173,0
72,1,escritura-local,escritura,local,postgres-1-nodo,cr-sj,2026-09-17T22:40:48.460+00:00,1.331,0
72,2,escritura-cruza,escritura,cruza,postgres-1-nodo,cr-sj+cr-limon,2026-09-17T22:40:48.462+00:00,1.355,0
72,3,lectura-remota,lectura,remota,postgres-1-nodo,cr-limon,2026-09-17T22:40:48.463+00:00,0.174,0
72,4,lectura-local,lectura,local,postgres-1-nodo,cr-sj,2026-09-17T22:40:48.463+00:00,0.180,0
73,1,lectura-remota,lectura,remota,postgres-1-nodo,cr-limon,2026-09-17T22:40:48.464+00:00,0.348,0
73,2,escritura-cruza,escritura,cruza,postgres-1-nodo,cr-sj+cr-limon,2026-09-17T22:40:48.464+00:00,1.417,0
73,3,escritura-local,escritura,local,postgres-1-nodo,cr-sj,2026-09-17T22:40:48.465+00:00,1.417,0
73,4,lectura-local,lectura,local,postgres-1-nodo,cr-sj,2026-09-17T22:40:48.467+00:00,0.194,0
74,1,lectura-remota,lectura,remota,postgres-1-nodo,cr-limon,2026-09-17T22:40:48.467+00:00,0.171,0
74,2,lectura-local,lectura,local,postgres-1-nodo,cr-sj,2026-09-17T22:40:48.467+00:00,0.174,0
74,3,escritura-cruza,escritura,cruza,postgres-1-nodo,cr-sj+cr-limon,2026-09-17T22:40:48.467+00:00,1.785,0
74,4,escritura-local,escritura,local,postgres-1-nodo,cr-sj,2026-09-17T22:40:48.469+00:00,1.386,0
75,1,escritura-cruza,escritura,cruza,postgres-1-nodo,cr-sj+cr-limon,2026-09-17T22:40:48.471+00:00,1.329,0
75,2,escritura-local,escritura,local,postgres-1-nodo,cr-sj,2026-09-17T22:40:48.472+00:00,1.508,0
75,3,lectura-remota,lectura,remota,postgres-1-nodo,cr-limon,2026-09-17T22:40:48.473+00:00,0.185,0
75,4,lectura-local,lectura,local,postgres-1-nodo,cr-sj,2026-09-17T22:40:48.474+00:00,0.186,0
76,1,escritura-cruza,escritura,cruza,postgres-1-nodo,cr-sj+cr-limon,2026-09-17T22:40:48.474+00:00,1.406,0
76,2,escritura-local,escritura,local,postgres-1-nodo,cr-sj,2026-09-17T22:40:48.475+00:00,1.629,0
76,3,lectura-local,lectura,local,postgres-1-nodo,cr-sj,2026-09-17T22:40:48.477+00:00,0.190,0
76,4,lectura-remota,lectura,remota,postgres-1-nodo,cr-limon,2026-09-17T22:40:48.477+00:00,0.178,0
77,1,lectura-local,lectura,local,postgres-1-nodo,cr-sj,2026-09-17T22:40:48.477+00:00,0.185,0
77,2,escritura-cruza,escritura,cruza,postgres-1-nodo,cr-sj+cr-limon,2026-09-17T22:40:48.477+00:00,1.556,0
77,3,escritura-local,escritura,local,postgres-1-nodo,cr-sj,2026-09-17T22:40:48.479+00:00,1.471,0
77,4,lectura-remota,lectura,remota,postgres-1-nodo,cr-limon,2026-09-17T22:40:48.481+00:00,0.194,0
78,1,escritura-local,escritura,local,postgres-1-nodo,cr-sj,2026-09-17T22:40:48.481+00:00,1.338,0
78,2,lectura-remota,lectura,remota,postgres-1-nodo,cr-limon,2026-09-17T22:40:48.482+00:00,0.169,0
78,3,escritura-cruza,escritura,cruza,postgres-1-nodo,cr-sj+cr-limon,2026-09-17T22:40:48.482+00:00,1.384,0
78,4,lectura-local,lectura,local,postgres-1-nodo,cr-sj,2026-09-17T22:40:48.484+00:00,0.203,0
79,1,lectura-remota,lectura,remota,postgres-1-nodo,cr-limon,2026-09-17T22:40:48.484+00:00,0.190,0
79,2,lectura-local,lectura,local,postgres-1-nodo,cr-sj,2026-09-17T22:40:48.484+00:00,0.162,0
79,3,escritura-local,escritura,local,postgres-1-nodo,cr-sj,2026-09-17T22:40:48.484+00:00,1.510,0
79,4,escritura-cruza,escritura,cruza,postgres-1-nodo,cr-sj+cr-limon,2026-09-17T22:40:48.486+00:00,1.539,0
80,1,lectura-local,lectura,local,postgres-1-nodo,cr-sj,2026-09-17T22:40:48.487+00:00,0.196,0
80,2,escritura-cruza,escritura,cruza,postgres-1-nodo,cr-sj+cr-limon,2026-09-17T22:40:48.488+00:00,1.383,0
80,3,escritura-local,escritura,local,postgres-1-nodo,cr-sj,2026-09-17T22:40:48.489+00:00,1.490,0
80,4,lectura-remota,lectura,remota,postgres-1-nodo,cr-limon,2026-09-17T22:40:48.490+00:00,0.168,0
81,1,escritura-local,escritura,local,postgres-1-nodo,cr-sj,2026-09-17T22:40:48.491+00:00,1.307,0
81,2,escritura-cruza,escritura,cruza,postgres-1-nodo,cr-sj+cr-limon,2026-09-17T22:40:48.492+00:00,1.450,0
81,3,lectura-remota,lectura,remota,postgres-1-nodo,cr-limon,2026-09-17T22:40:48.493+00:00,0.167,0
81,4,lectura-local,lectura,local,postgres-1-nodo,cr-sj,2026-09-17T22:40:48.494+00:00,0.160,0
82,1,lectura-remota,lectura,remota,postgres-1-nodo,cr-limon,2026-09-17T22:40:48.494+00:00,0.158,0
82,2,lectura-local,lectura,local,postgres-1-nodo,cr-sj,2026-09-17T22:40:48.494+00:00,0.158,0
82,3,escritura-local,escritura,local,postgres-1-nodo,cr-sj,2026-09-17T22:40:48.494+00:00,1.393,0
82,4,escritura-cruza,escritura,cruza,postgres-1-nodo,cr-sj+cr-limon,2026-09-17T22:40:48.496+00:00,1.364,0
83,1,lectura-local,lectura,local,postgres-1-nodo,cr-sj,2026-09-17T22:40:48.497+00:00,0.211,0
83,2,escritura-cruza,escritura,cruza,postgres-1-nodo,cr-sj+cr-limon,2026-09-17T22:40:48.497+00:00,1.606,0
83,3,lectura-remota,lectura,remota,postgres-1-nodo,cr-limon,2026-09-17T22:40:48.499+00:00,0.182,0
83,4,escritura-local,escritura,local,postgres-1-nodo,cr-sj,2026-09-17T22:40:48.499+00:00,1.480,0
84,1,lectura-remota,lectura,remota,postgres-1-nodo,cr-limon,2026-09-17T22:40:48.501+00:00,0.173,0
84,2,escritura-local,escritura,local,postgres-1-nodo,cr-sj,2026-09-17T22:40:48.501+00:00,1.468,0
84,3,escritura-cruza,escritura,cruza,postgres-1-nodo,cr-sj+cr-limon,2026-09-17T22:40:48.502+00:00,1.374,0
84,4,lectura-local,lectura,local,postgres-1-nodo,cr-sj,2026-09-17T22:40:48.504+00:00,0.167,0
85,1,escritura-local,escritura,local,postgres-1-nodo,cr-sj,2026-09-17T22:40:48.504+00:00,1.485,0
85,2,lectura-local,lectura,local,postgres-1-nodo,cr-sj,2026-09-17T22:40:48.505+00:00,0.223,0
85,3,escritura-cruza,escritura,cruza,postgres-1-nodo,cr-sj+cr-limon,2026-09-17T22:40:48.505+00:00,1.467,0
85,4,lectura-remota,lectura,remota,postgres-1-nodo,cr-limon,2026-09-17T22:40:48.507+00:00,0.202,0
86,1,escritura-local,escritura,local,postgres-1-nodo,cr-sj,2026-09-17T22:40:48.507+00:00,1.451,0
86,2,lectura-remota,lectura,remota,postgres-1-nodo,cr-limon,2026-09-17T22:40:48.509+00:00,0.169,0
86,3,lectura-local,lectura,local,postgres-1-nodo,cr-sj,2026-09-17T22:40:48.509+00:00,0.164,0
86,4,escritura-cruza,escritura,cruza,postgres-1-nodo,cr-sj+cr-limon,2026-09-17T22:40:48.509+00:00,1.377,0
87,1,lectura-local,lectura,local,postgres-1-nodo,cr-sj,2026-09-17T22:40:48.510+00:00,0.177,0
87,2,lectura-remota,lectura,remota,postgres-1-nodo,cr-limon,2026-09-17T22:40:48.511+00:00,0.182,0
87,3,escritura-local,escritura,local,postgres-1-nodo,cr-sj,2026-09-17T22:40:48.511+00:00,1.375,0
87,4,escritura-cruza,escritura,cruza,postgres-1-nodo,cr-sj+cr-limon,2026-09-17T22:40:48.512+00:00,1.453,0
88,1,escritura-local,escritura,local,postgres-1-nodo,cr-sj,2026-09-17T22:40:48.514+00:00,1.491,0
88,2,lectura-local,lectura,local,postgres-1-nodo,cr-sj,2026-09-17T22:40:48.515+00:00,0.172,0
88,3,escritura-cruza,escritura,cruza,postgres-1-nodo,cr-sj+cr-limon,2026-09-17T22:40:48.515+00:00,1.458,0
88,4,lectura-remota,lectura,remota,postgres-1-nodo,cr-limon,2026-09-17T22:40:48.517+00:00,0.174,0
89,1,lectura-local,lectura,local,postgres-1-nodo,cr-sj,2026-09-17T22:40:48.517+00:00,0.162,0
89,2,escritura-cruza,escritura,cruza,postgres-1-nodo,cr-sj+cr-limon,2026-09-17T22:40:48.517+00:00,1.374,0
89,3,escritura-local,escritura,local,postgres-1-nodo,cr-sj,2026-09-17T22:40:48.519+00:00,1.315,0
89,4,lectura-remota,lectura,remota,postgres-1-nodo,cr-limon,2026-09-17T22:40:48.520+00:00,0.170,0
90,1,escritura-cruza,escritura,cruza,postgres-1-nodo,cr-sj+cr-limon,2026-09-17T22:40:48.520+00:00,1.302,0
90,2,lectura-remota,lectura,remota,postgres-1-nodo,cr-limon,2026-09-17T22:40:48.521+00:00,0.169,0
90,3,lectura-local,lectura,local,postgres-1-nodo,cr-sj,2026-09-17T22:40:48.522+00:00,0.161,0
90,4,escritura-local,escritura,local,postgres-1-nodo,cr-sj,2026-09-17T22:40:48.522+00:00,1.396,0
91,1,lectura-remota,lectura,remota,postgres-1-nodo,cr-limon,2026-09-17T22:40:48.523+00:00,0.169,0
91,2,escritura-cruza,escritura,cruza,postgres-1-nodo,cr-sj+cr-limon,2026-09-17T22:40:48.523+00:00,1.378,0
91,3,lectura-local,lectura,local,postgres-1-nodo,cr-sj,2026-09-17T22:40:48.525+00:00,0.165,0
91,4,escritura-local,escritura,local,postgres-1-nodo,cr-sj,2026-09-17T22:40:48.525+00:00,1.388,0
92,1,lectura-remota,lectura,remota,postgres-1-nodo,cr-limon,2026-09-17T22:40:48.526+00:00,0.204,0
92,2,escritura-local,escritura,local,postgres-1-nodo,cr-sj,2026-09-17T22:40:48.526+00:00,1.383,0
92,3,lectura-local,lectura,local,postgres-1-nodo,cr-sj,2026-09-17T22:40:48.528+00:00,0.194,0
92,4,escritura-cruza,escritura,cruza,postgres-1-nodo,cr-sj+cr-limon,2026-09-17T22:40:48.528+00:00,1.384,0
93,1,lectura-remota,lectura,remota,postgres-1-nodo,cr-limon,2026-09-17T22:40:48.529+00:00,0.166,0
93,2,escritura-cruza,escritura,cruza,postgres-1-nodo,cr-sj+cr-limon,2026-09-17T22:40:48.530+00:00,1.398,0
93,3,escritura-local,escritura,local,postgres-1-nodo,cr-sj,2026-09-17T22:40:48.531+00:00,1.367,0
93,4,lectura-local,lectura,local,postgres-1-nodo,cr-sj,2026-09-17T22:40:48.532+00:00,0.177,0
94,1,escritura-local,escritura,local,postgres-1-nodo,cr-sj,2026-09-17T22:40:48.533+00:00,1.276,0
94,2,lectura-local,lectura,local,postgres-1-nodo,cr-sj,2026-09-17T22:40:48.534+00:00,0.176,0
94,3,escritura-cruza,escritura,cruza,postgres-1-nodo,cr-sj+cr-limon,2026-09-17T22:40:48.534+00:00,1.680,0
94,4,lectura-remota,lectura,remota,postgres-1-nodo,cr-limon,2026-09-17T22:40:48.536+00:00,0.166,0
95,1,escritura-cruza,escritura,cruza,postgres-1-nodo,cr-sj+cr-limon,2026-09-17T22:40:48.536+00:00,1.263,0
95,2,lectura-remota,lectura,remota,postgres-1-nodo,cr-limon,2026-09-17T22:40:48.537+00:00,0.165,0
95,3,lectura-local,lectura,local,postgres-1-nodo,cr-sj,2026-09-17T22:40:48.537+00:00,0.156,0
95,4,escritura-local,escritura,local,postgres-1-nodo,cr-sj,2026-09-17T22:40:48.538+00:00,1.293,0
96,1,escritura-cruza,escritura,cruza,postgres-1-nodo,cr-sj+cr-limon,2026-09-17T22:40:48.539+00:00,1.547,0
96,2,escritura-local,escritura,local,postgres-1-nodo,cr-sj,2026-09-17T22:40:48.540+00:00,1.380,0
96,3,lectura-remota,lectura,remota,postgres-1-nodo,cr-limon,2026-09-17T22:40:48.542+00:00,0.164,0
96,4,lectura-local,lectura,local,postgres-1-nodo,cr-sj,2026-09-17T22:40:48.542+00:00,0.156,0
97,1,escritura-local,escritura,local,postgres-1-nodo,cr-sj,2026-09-17T22:40:48.542+00:00,1.347,0
97,2,escritura-cruza,escritura,cruza,postgres-1-nodo,cr-sj+cr-limon,2026-09-17T22:40:48.544+00:00,1.279,0
97,3,lectura-local,lectura,local,postgres-1-nodo,cr-sj,2026-09-17T22:40:48.545+00:00,0.164,0
97,4,lectura-remota,lectura,remota,postgres-1-nodo,cr-limon,2026-09-17T22:40:48.545+00:00,0.157,0
98,1,escritura-cruza,escritura,cruza,postgres-1-nodo,cr-sj+cr-limon,2026-09-17T22:40:48.545+00:00,1.364,0
98,2,lectura-remota,lectura,remota,postgres-1-nodo,cr-limon,2026-09-17T22:40:48.547+00:00,0.165,0
98,3,lectura-local,lectura,local,postgres-1-nodo,cr-sj,2026-09-17T22:40:48.547+00:00,0.158,0
98,4,escritura-local,escritura,local,postgres-1-nodo,cr-sj,2026-09-17T22:40:48.547+00:00,1.365,0
99,1,escritura-local,escritura,local,postgres-1-nodo,cr-sj,2026-09-17T22:40:48.548+00:00,1.357,0
99,2,lectura-remota,lectura,remota,postgres-1-nodo,cr-limon,2026-09-17T22:40:48.550+00:00,0.178,0
99,3,escritura-cruza,escritura,cruza,postgres-1-nodo,cr-sj+cr-limon,2026-09-17T22:40:48.550+00:00,1.341,0
99,4,lectura-local,lectura,local,postgres-1-nodo,cr-sj,2026-09-17T22:40:48.551+00:00,0.184,0
100,1,lectura-remota,lectura,remota,postgres-1-nodo,cr-limon,2026-09-17T22:40:48.551+00:00,0.229,0
100,2,escritura-local,escritura,local,postgres-1-nodo,cr-sj,2026-09-17T22:40:48.552+00:00,1.375,0
100,3,escritura-cruza,escritura,cruza,postgres-1-nodo,cr-sj+cr-limon,2026-09-17T22:40:48.553+00:00,1.364,0
100,4,lectura-local,lectura,local,postgres-1-nodo,cr-sj,2026-09-17T22:40:48.554+00:00,0.167,0
