ronda,orden,caso,operacion,localidad,gateway_region,regiones_hogar,inicio_utc,latencia_ms,reintentos
1,1,escritura-cruza,escritura,cruza,cr-sj,cr-sj+cr-limon,2026-09-17T03:16:10.797+00:00,3.603,0
1,2,escritura-local,escritura,local,cr-sj,cr-sj,2026-09-17T03:16:10.801+00:00,2.630,0
1,3,lectura-local,lectura,local,cr-sj,cr-sj,2026-09-17T03:16:10.803+00:00,0.242,0
1,4,lectura-remota,lectura,remota,cr-sj,cr-limon,2026-09-17T03:16:10.804+00:00,0.210,0
2,1,escritura-cruza,escritura,cruza,cr-sj,cr-sj+cr-limon,2026-09-17T03:16:10.804+00:00,2.522,0
2,2,lectura-local,lectura,local,cr-sj,cr-sj,2026-09-17T03:16:10.806+00:00,0.183,0
2,3,escritura-local,escritura,local,cr-sj,cr-sj,2026-09-17T03:16:10.807+00:00,2.541,0
2,4,lectura-remota,lectura,remota,cr-sj,cr-limon,2026-09-17T03:16:10.809+00:00,0.238,0
3,1,escritura-local,escritura,local,cr-sj,cr-sj,2026-09-17T03:16:10.809+00:00,2.432,0
3,2,lectura-remota,lectura,remota,cr-sj,cr-limon,2026-09-17T03:16:10.812+00:00,0.177,0
3,3,escritura-cruza,escritura,cruza,cr-sj,cr-sj+cr-limon,2026-09-17T03:16:10.812+00:00,2.533,0
3,4,lectura-local,lectura,local,cr-sj,cr-sj,2026-09-17T03:16:10.815+00:00,0.230,0
4,1,escritura-local,escritura,local,cr-sj,cr-sj,2026-09-17T03:16:10.815+00:00,2.596,0
4,2,lectura-remota,lectura,remota,cr-sj,cr-limon,2026-09-17T03:16:10.817+00:00,0.222,0
4,3,lectura-local,lectura,local,cr-sj,cr-sj,2026-09-17T03:16:10.818+00:00,0.206,0
4,4,escritura-cruza,escritura,cruza,cr-sj,cr-sj+cr-limon,2026-09-17T03:16:10.818+00:00,2.503,0
5,1,lectura-local,lectura,local,cr-sj,cr-sj,2026-09-17T03:16:10.820+00:00,0.223,0
5,2,escritura-cruza,escritura,cruza,cr-sj,cr-sj+cr-limon,2026-09-17T03:16:10.821+00:00,2.530,0
5,3,escritura-local,escritura,local,cr-sj,cr-sj,2026-09-17T03:16:10.823+00:00,2.491,0
5,4,lectura-remota,lectura,remota,cr-sj,cr-limon,2026-09-17T03:16:10.826+00:00,0.174,0
6,1,escritura-local,escritura,local,cr-sj,cr-sj,2026-09-17T03:16:10.826+00:00,2.534,0
6,2,lectura-remota,lectura,remota,cr-sj,cr-limon,2026-09-17T03:16:10.829+00:00,0.202,0
6,3,escritura-cruza,escritura,cruza,cr-sj,cr-sj+cr-limon,2026-09-17T03:16:10.829+00:00,2.373,0
6,4,lectura-local,lectura,local,cr-sj,cr-sj,2026-09-17T03:16:10.831+00:00,0.223,0
7,1,lectura-local,lectura,local,cr-sj,cr-sj,2026-09-17T03:16:10.831+00:00,0.201,0
7,2,lectura-remota,lectura,remota,cr-sj,cr-limon,2026-09-17T03:16:10.832+00:00,0.203,0
7,3,escritura-cruza,escritura,cruza,cr-sj,cr-sj+cr-limon,2026-09-17T03:16:10.832+00:00,2.413,0
7,4,escritura-local,escritura,local,cr-sj,cr-sj,2026-09-17T03:16:10.834+00:00,2.533,0
8,1,lectura-local,lectura,local,cr-sj,cr-sj,2026-09-17T03:16:10.837+00:00,0.183,0
8,2,escritura-cruza,escritura,cruza,cr-sj,cr-sj+cr-limon,2026-09-17T03:16:10.837+00:00,2.495,0
8,3,escritura-local,escritura,local,cr-sj,cr-sj,2026-09-17T03:16:10.840+00:00,2.500,0
8,4,lectura-remota,lectura,remota,cr-sj,cr-limon,2026-09-17T03:16:10.842+00:00,0.217,0
9,1,lectura-local,lectura,local,cr-sj,cr-sj,2026-09-17T03:16:10.842+00:00,0.202,0
9,2,lectura-remota,lectura,remota,cr-sj,cr-limon,2026-09-17T03:16:10.843+00:00,0.200,0
9,3,escritura-local,escritura,local,cr-sj,cr-sj,2026-09-17T03:16:10.843+00:00,2.406,0
9,4,escritura-cruza,escritura,cruza,cr-sj,cr-sj+cr-limon,2026-09-17T03:16:10.845+00:00,2.490,0
10,1,escritura-local,escritura,local,cr-sj,cr-sj,2026-09-17T03:16:10.848+00:00,2.524,0
10,2,lectura-remota,lectura,remota,cr-sj,cr-limon,2026-09-17T03:16:10.850+00:00,0.219,0
10,3,escritura-cruza,escritura,cruza,cr-sj,cr-sj+cr-limon,2026-09-17T03:16:10.850+00:00,2.547,0
10,4,lectura-local,lectura,local,cr-sj,cr-sj,2026-09-17T03:16:10.853+00:00,0.219,0
11,1,escritura-cruza,escritura,cruza,cr-sj,cr-sj+cr-limon,2026-09-17T03:16:10.853+00:00,2.471,0
11,2,lectura-local,lectura,local,cr-sj,cr-sj,2026-09-17T03:16:10.856+00:00,0.225,0
11,3,escritura-local,escritura,local,cr-sj,cr-sj,2026-09-17T03:16:10.856+00:00,2.506,0
11,4,lectura-remota,lectura,remota,cr-sj,cr-limon,2026-09-17T03:16:10.859+00:00,0.219,0
12,1,lectura-local,lectura,local,cr-sj,cr-sj,2026-09-17T03:16:10.859+00:00,0.204,0
12,2,escritura-cruza,escritura,cruza,cr-sj,cr-sj+cr-limon,2026-09-17T03:16:10.859+00:00,2.440,0
12,3,lectura-remota,lectura,remota,cr-sj,cr-limon,2026-09-17T03:16:10.862+00:00,0.211,0
12,4,escritura-local,escritura,local,cr-sj,cr-sj,2026-09-17T03:16:10.862+00:00,2.512,0
13,1,lectura-remota,lectura,remota,cr-sj,cr-limon,2026-09-17T03:16:10.864+00:00,0.216,0
13,2,escritura-local,escritura,local,cr-sj,cr-sj,2026-09-17T03:16:10.865+00:00,2.477,0
13,3,lectura-local,lectura,local,cr-sj,cr-sj,2026-09-17T03:16:10.867+00:00,0.232,0
13,4,escritura-cruza,escritura,cruza,cr-sj,cr-sj+cr-limon,2026-09-17T03:16:10.867+00:00,2.499,0
14,1,escritura-local,escritura,local,cr-sj,cr-sj,2026-09-17T03:16:10.870+00:00,2.621,0
14,2,lectura-local,lectura,local,cr-sj,cr-sj,2026-09-17T03:16:10.872+00:00,0.193,0
14,3,escritura-cruza,escritura,cruza,cr-sj,cr-sj+cr-limon,2026-09-17T03:16:10.873+00:00,2.612,0
14,4,lectura-remota,lectura,remota,cr-sj,cr-limon,2026-09-17T03:16:10.875+00:00,0.248,0
15,1,lectura-local,lectura,local,cr-sj,cr-sj,2026-09-17T03:16:10.876+00:00,0.213,0
15,2,escritura-local,escritura,local,cr-sj,cr-sj,2026-09-17T03:16:10.876+00:00,2.516,0
15,3,escritura-cruza,escritura,cruza,cr-sj,cr-sj+cr-limon,2026-09-17T03:16:10.878+00:00,2.456,0
15,4,lectura-remota,lectura,remota,cr-sj,cr-limon,2026-09-17T03:16:10.881+00:00,0.178,0
16,1,escritura-local,escritura,local,cr-sj,cr-sj,2026-09-17T03:16:10.881+00:00,3.060,0
16,2,lectura-local,lectura,local,cr-sj,cr-sj,2026-09-17T03:16:10.884+00:00,0.256,0
16,3,escritura-cruza,escritura,cruza,cr-sj,cr-sj+cr-limon,2026-09-17T03:16:10.884+00:00,2.816,0
16,4,lectura-remota,lectura,remota,cr-sj,cr-limon,2026-09-17T03:16:10.887+00:00,0.256,0
17,1,lectura-local,lectura,local,cr-sj,cr-sj,2026-09-17T03:16:10.888+00:00,0.240,0
17,2,escritura-local,escritura,local,cr-sj,cr-sj,2026-09-17T03:16:10.888+00:00,4.198,0
17,3,escritura-cruza,escritura,cruza,cr-sj,cr-sj+cr-limon,2026-09-17T03:16:10.892+00:00,3.536,0
17,4,lectura-remota,lectura,remota,cr-sj,cr-limon,2026-09-17T03:16:10.896+00:00,0.285,0
18,1,escritura-cruza,escritura,cruza,cr-sj,cr-sj+cr-limon,2026-09-17T03:16:10.896+00:00,3.586,0
18,2,escritura-local,escritura,local,cr-sj,cr-sj,2026-09-17T03:16:10.900+00:00,3.909,0
18,3,lectura-local,lectura,local,cr-sj,cr-sj,2026-09-17T03:16:10.904+00:00,0.226,0
18,4,lectura-remota,lectura,remota,cr-sj,cr-limon,2026-09-17T03:16:10.904+00:00,0.177,0
19,1,escritura-cruza,escritura,cruza,cr-sj,cr-sj+cr-limon,2026-09-17T03:16:10.904+00:00,2.387,0
19,2,lectura-local,lectura,local,cr-sj,cr-sj,2026-09-17T03:16:10.906+00:00,0.181,0
19,3,escritura-local,escritura,local,cr-sj,cr-sj,2026-09-17T03:16:10.907+00:00,2.221,0
19,4,lectura-remota,lectura,remota,cr-sj,cr-limon,2026-09-17T03:16:10.909+00:00,0.199,0
20,1,escritura-cruza,escritura,cruza,cr-sj,cr-sj+cr-limon,2026-09-17T03:16:10.909+00:00,2.253,0
20,2,escritura-local,escritura,local,cr-sj,cr-sj,2026-09-17T03:16:10.911+00:00,2.276,0
20,3,lectura-local,lectura,local,cr-sj,cr-sj,2026-09-17T03:16:10.914+00:00,0.189,0
20,4,lectura-remota,lectura,remota,cr-sj,cr-limon,2026-09-17T03:16:10.914+00:00,0.185,0
21,1,lectura-local,lectura,local,cr-sj,cr-sj,2026-09-17T03:16:10.914+00:00,0.155,0
21,2,lectura-remota,lectura,remota,cr-sj,cr-limon,2026-09-17T03:16:10.914+00:00,0.150,0
21,3,escritura-local,escritura,local,cr-sj,cr-sj,2026-09-17T03:16:10.914+00:00,2.339,0
21,4,escritura-cruza,escritura,cruza,cr-sj,cr-sj+cr-limon,2026-09-17T03:16:10.917+00:00,2.213,0
22,1,lectura-local,lectura,local,cr-sj,cr-sj,2026-09-17T03:16:10.919+00:00,0.177,0
22,2,lectura-remota,lectura,remota,cr-sj,cr-limon,2026-09-17T03:16:10.919+00:00,0.161,0
22,3,escritura-cruza,escritura,cruza,cr-sj,cr-sj+cr-limon,2026-09-17T03:16:10.919+00:00,2.215,0
22,4,escritura-local,escritura,local,cr-sj,cr-sj,2026-09-17T03:16:10.922+00:00,2.280,0
23,1,lectura-local,lectura,local,cr-sj,cr-sj,2026-09-17T03:16:10.924+00:00,0.185,0
23,2,escritura-cruza,escritura,cruza,cr-sj,cr-sj+cr-limon,2026-09-17T03:16:10.924+00:00,2.309,0
23,3,escritura-local,escritura,local,cr-sj,cr-sj,2026-09-17T03:16:10.927+00:00,2.314,0
23,4,lectura-remota,lectura,remota,cr-sj,cr-limon,2026-09-17T03:16:10.929+00:00,0.241,0
24,1,lectura-local,lectura,local,cr-sj,cr-sj,2026-09-17T03:16:10.929+00:00,0.177,0
24,2,lectura-remota,lectura,remota,cr-sj,cr-limon,2026-09-17T03:16:10.929+00:00,0.162,0
24,3,escritura-cruza,escritura,cruza,cr-sj,cr-sj+cr-limon,2026-09-17T03:16:10.930+00:00,2.481,0
24,4,escritura-local,escritura,local,cr-sj,cr-sj,2026-09-17T03:16:10.932+00:00,2.467,0
25,1,escritura-cruza,escritura,cruza,cr-sj,cr-sj+cr-limon,2026-09-17T03:16:10.935+00:00,2.467,0
25,2,lectura-remota,lectura,remota,cr-sj,cr-limon,2026-09-17T03:16:10.937+00:00,0.221,0
25,3,lectura-local,lectura,local,cr-sj,cr-sj,2026-09-17T03:16:10.937+00:00,0.208,0
25,4,escritura-local,escritura,local,cr-sj,cr-sj,2026-09-17T03:16:10.938+00:00,2.477,0
26,1,escritura-local,escritura,local,cr-sj,cr-sj,2026-09-17T03:16:10.940+00:00,2.533,0
26,2,lectura-remota,lectura,remota,cr-sj,cr-limon,2026-09-17T03:16:10.943+00:00,0.216,0
26,3,lectura-local,lectura,local,cr-sj,cr-sj,2026-09-17T03:16:10.943+00:00,0.212,0
26,4,escritura-cruza,escritura,cruza,cr-sj,cr-sj+cr-limon,2026-09-17T03:16:10.943+00:00,2.516,0
27,1,lectura-local,lectura,local,cr-sj,cr-sj,2026-09-17T03:16:10.946+00:00,0.209,0
27,2,escritura-local,escritura,local,cr-sj,cr-sj,2026-09-17T03:16:10.946+00:00,2.341,0
27,3,lectura-remota,lectura,remota,cr-sj,cr-limon,2026-09-17T03:16:10.948+00:00,0.218,0
27,4,escritura-cruza,escritura,cruza,cr-sj,cr-sj+cr-limon,2026-09-17T03:16:10.948+00:00,2.522,0
28,1,lectura-remota,lectura,remota,cr-sj,cr-limon,2026-09-17T03:16:10.951+00:00,0.218,0
28,2,escritura-cruza,escritura,cruza,cr-sj,cr-sj+cr-limon,2026-09-17T03:16:10.951+00:00,2.480,0
28,3,lectura-local,lectura,local,cr-sj,cr-sj,2026-09-17T03:16:10.954+00:00,0.176,0
28,4,escritura-local,escritura,local,cr-sj,cr-sj,2026-09-17T03:16:10.954+00:00,2.509,0
29,1,escritura-cruza,escritura,cruza,cr-sj,cr-sj+cr-limon,2026-09-17T03:16:10.957+00:00,2.515,0
29,2,lectura-local,lectura,local,cr-sj,cr-sj,2026-09-17T03:16:10.959+00:00,0.224,0
29,3,escritura-local,escritura,local,cr-sj,cr-sj,2026-09-17T03:16:10.959+00:00,2.398,0
29,4,lectura-remota,lectura,remota,cr-sj,cr-limon,2026-09-17T03:16:10.962+00:00,0.174,0
30,1,escritura-local,escritura,local,cr-sj,cr-sj,2026-09-17T03:16:10.962+00:00,2.485,0
30,2,escritura-cruza,escritura,cruza,cr-sj,cr-sj+cr-limon,2026-09-17T03:16:10.964+00:00,2.525,0
30,3,lectura-local,lectura,local,cr-sj,cr-sj,2026-09-17T03:16:10.967+00:00,0.223,0
30,4,lectura-remota,lectura,remota,cr-sj,cr-limon,2026-09-17T03:16:10.967+00:00,0.207,0
31,1,lectura-local,lectura,local,cr-sj,cr-sj,2026-09-17T03:16:10.967+00:00,0.203,0
31,2,escritura-local,escritura,local,cr-sj,cr-sj,2026-09-17T03:16:10.968+00:00,2.440,0
31,3,escritura-cruza,escritura,cruza,cr-sj,cr-sj+cr-limon,2026-09-17T03:16:10.970+00:00,2.448,0
31,4,lectura-remota,lectura,remota,cr-sj,cr-limon,2026-09-17T03:16:10.973+00:00,0.168,0
32,1,lectura-remota,lectura,remota,cr-sj,cr-limon,2026-09-17T03:16:10.973+00:00,0.180,0
32,2,escritura-local,escritura,local,cr-sj,cr-sj,2026-09-17T03:16:10.973+00:00,2.331,0
32,3,escritura-cruza,escritura,cruza,cr-sj,cr-sj+cr-limon,2026-09-17T03:16:10.975+00:00,2.300,0
32,4,lectura-local,lectura,local,cr-sj,cr-sj,2026-09-17T03:16:10.978+00:00,0.187,0
33,1,lectura-remota,lectura,remota,cr-sj,cr-limon,2026-09-17T03:16:10.978+00:00,0.181,0
33,2,escritura-cruza,escritura,cruza,cr-sj,cr-sj+cr-limon,2026-09-17T03:16:10.978+00:00,2.187,0
33,3,lectura-local,lectura,local,cr-sj,cr-sj,2026-09-17T03:16:10.980+00:00,0.180,0
33,4,escritura-local,escritura,local,cr-sj,cr-sj,2026-09-17T03:16:10.981+00:00,2.262,0
34,1,lectura-remota,lectura,remota,cr-sj,cr-limon,2026-09-17T03:16:10.983+00:00,0.201,0
34,2,escritura-local,escritura,local,cr-sj,cr-sj,2026-09-17T03:16:10.983+00:00,2.274,0
34,3,escritura-cruza,escritura,cruza,cr-sj,cr-sj+cr-limon,2026-09-17T03:16:10.985+00:00,2.325,0
34,4,lectura-local,lectura,local,cr-sj,cr-sj,2026-09-17T03:16:10.988+00:00,0.193,0
35,1,lectura-remota,lectura,remota,cr-sj,cr-limon,2026-09-17T03:16:10.988+00:00,0.182,0
35,2,escritura-cruza,escritura,cruza,cr-sj,cr-sj+cr-limon,2026-09-17T03:16:10.988+00:00,2.186,0
35,3,escritura-local,escritura,local,cr-sj,cr-sj,2026-09-17T03:16:10.990+00:00,2.192,0
35,4,lectura-local,lectura,local,cr-sj,cr-sj,2026-09-17T03:16:10.993+00:00,0.176,0
36,1,escritura-cruza,escritura,cruza,cr-sj,cr-sj+cr-limon,2026-09-17T03:16:10.993+00:00,2.231,0
36,2,lectura-remota,lectura,remota,cr-sj,cr-limon,2026-09-17T03:16:10.995+00:00,0.187,0
36,3,escritura-local,escritura,local,cr-sj,cr-sj,2026-09-17T03:16:10.995+00:00,2.310,0
36,4,lectura-local,lectura,local,cr-sj,cr-sj,2026-09-17T03:16:10.998+00:00,0.258,0
37,1,escritura-cruza,escritura,cruza,cr-sj,cr-sj+cr-limon,2026-09-17T03:16:10.998+00:00,3.244,0
37,2,escritura-local,escritura,local,cr-sj,cr-sj,2026-09-17T03:16:11.001+00:00,2.520,0
37,3,lectura-local,lectura,local,cr-sj,cr-sj,2026-09-17T03:16:11.004+00:00,0.201,0
37,4,lectura-remota,lectura,remota,cr-sj,cr-limon,2026-09-17T03:16:11.004+00:00,0.180,0
38,1,lectura-local,lectura,local,cr-sj,cr-sj,2026-09-17T03:16:11.004+00:00,0.162,0
38,2,lectura-remota,lectura,remota,cr-sj,cr-limon,2026-09-17T03:16:11.004+00:00,0.195,0
38,3,escritura-cruza,escritura,cruza,cr-sj,cr-sj+cr-limon,2026-09-17T03:16:11.005+00:00,2.373,0
38,4,escritura-local,escritura,local,cr-sj,cr-sj,2026-09-17T03:16:11.007+00:00,2.540,0
39,1,lectura-remota,lectura,remota,cr-sj,cr-limon,2026-09-17T03:16:11.010+00:00,0.214,0
39,2,lectura-local,lectura,local,cr-sj,cr-sj,2026-09-17T03:16:11.010+00:00,0.150,0
39,3,escritura-cruza,escritura,cruza,cr-sj,cr-sj+cr-limon,2026-09-17T03:16:11.010+00:00,2.466,0
39,4,escritura-local,escritura,local,cr-sj,cr-sj,2026-09-17T03:16:11.012+00:00,2.499,0
40,1,escritura-cruza,escritura,cruza,cr-sj,cr-sj+cr-limon,2026-09-17T03:16:11.015+00:00,2.544,0
40,2,lectura-local,lectura,local,cr-sj,cr-sj,2026-09-17T03:16:11.018+00:00,0.216,0
40,3,lectura-remota,lectura,remota,cr-sj,cr-limon,2026-09-17T03:16:11.018+00:00,0.158,0
40,4,escritura-local,escritura,local,cr-sj,cr-sj,2026-09-17T03:16:11.018+00:00,2.602,0
41,1,lectura-local,lectura,local,cr-sj,cr-sj,2026-09-17T03:16:11.021+00:00,0.222,0
41,2,lectura-remota,lectura,remota,cr-sj,cr-limon,2026-09-17T03:16:11.021+00:00,0.215,0
41,3,escritura-cruza,escritura,cruza,cr-sj,cr-sj+cr-limon,2026-09-17T03:16:11.021+00:00,2.505,0
41,4,escritura-local,escritura,local,cr-sj,cr-sj,2026-09-17T03:16:11.024+00:00,2.372,0
42,1,escritura-local,escritura,local,cr-sj,cr-sj,2026-09-17T03:16:11.026+00:00,2.279,0
42,2,lectura-remota,lectura,remota,cr-sj,cr-limon,2026-09-17T03:16:11.028+00:00,0.188,0
42,3,escritura-cruza,escritura,cruza,cr-sj,cr-sj+cr-limon,2026-09-17T03:16:11.029+00:00,2.242,0
42,4,lectura-local,lectura,local,cr-sj,cr-sj,2026-09-17T03:16:11.031+00:00,0.200,0
43,1,lectura-remota,lectura,remota,cr-sj,cr-limon,2026-09-17T03:16:11.031+00:00,0.178,0
43,2,escritura-cruza,escritura,cruza,cr-sj,cr-sj+cr-limon,2026-09-17T03:16:11.031+00:00,2.200,0
43,3,escritura-local,escritura,local,cr-sj,cr-sj,2026-09-17T03:16:11.033+00:00,2.280,0
43,4,lectura-local,lectura,local,cr-sj,cr-sj,2026-09-17T03:16:11.036+00:00,0.201,0
44,1,escritura-cruza,escritura,cruza,cr-sj,cr-sj+cr-limon,2026-09-17T03:16:11.036+00:00,2.299,0
44,2,escritura-local,escritura,local,cr-sj,cr-sj,2026-09-17T03:16:11.038+00:00,2.165,0
44,3,lectura-local,lectura,local,cr-sj,cr-sj,2026-09-17T03:16:11.041+00:00,0.174,0
44,4,lectura-remota,lectura,remota,cr-sj,cr-limon,2026-09-17T03:16:11.041+00:00,0.168,0
45,1,lectura-remota,lectura,remota,cr-sj,cr-limon,2026-09-17T03:16:11.041+00:00,0.169,0
45,2,escritura-cruza,escritura,cruza,cr-sj,cr-sj+cr-limon,2026-09-17T03:16:11.041+00:00,2.191,0
45,3,escritura-local,escritura,local,cr-sj,cr-sj,2026-09-17T03:16:11.043+00:00,2.182,0
45,4,lectura-local,lectura,local,cr-sj,cr-sj,2026-09-17T03:16:11.046+00:00,0.175,0
46,1,lectura-remota,lectura,remota,cr-sj,cr-limon,2026-09-17T03:16:11.046+00:00,0.165,0
46,2,lectura-local,lectura,local,cr-sj,cr-sj,2026-09-17T03:16:11.046+00:00,0.168,0
46,3,escritura-cruza,escritura,cruza,cr-sj,cr-sj+cr-limon,2026-09-17T03:16:11.046+00:00,2.228,0
46,4,escritura-local,escritura,local,cr-sj,cr-sj,2026-09-17T03:16:11.048+00:00,2.555,0
47,1,lectura-remota,lectura,remota,cr-sj,cr-limon,2026-09-17T03:16:11.051+00:00,0.218,0
47,2,escritura-local,escritura,local,cr-sj,cr-sj,2026-09-17T03:16:11.051+00:00,2.496,0
47,3,lectura-local,lectura,local,cr-sj,cr-sj,2026-09-17T03:16:11.054+00:00,0.173,0
47,4,escritura-cruza,escritura,cruza,cr-sj,cr-sj+cr-limon,2026-09-17T03:16:11.054+00:00,2.445,0
48,1,escritura-cruza,escritura,cruza,cr-sj,cr-sj+cr-limon,2026-09-17T03:16:11.056+00:00,2.592,0
48,2,escritura-local,escritura,local,cr-sj,cr-sj,2026-09-17T03:16:11.059+00:00,2.559,0
48,3,lectura-local,lectura,local,cr-sj,cr-sj,2026-09-17T03:16:11.062+00:00,0.219,0
48,4,lectura-remota,lectura,remota,cr-sj,cr-limon,2026-09-17T03:16:11.062+00:00,0.213,0
49,1,escritura-local,escritura,local,cr-sj,cr-sj,2026-09-17T03:16:11.062+00:00,2.734,0
49,2,escritura-cruza,escritura,cruza,cr-sj,cr-sj+cr-limon,2026-09-17T03:16:11.065+00:00,2.758,0
49,3,lectura-remota,lectura,remota,cr-sj,cr-limon,2026-09-17T03:16:11.068+00:00,0.213,0
49,4,lectura-local,lectura,local,cr-sj,cr-sj,2026-09-17T03:16:11.068+00:00,0.199,0
50,1,lectura-local,lectura,local,cr-sj,cr-sj,2026-09-17T03:16:11.068+00:00,0.201,0
50,2,lectura-remota,lectura,remota,cr-sj,cr-limon,2026-09-17T03:16:11.068+00:00,0.200,0
50,3,escritura-local,escritura,local,cr-sj,cr-sj,2026-09-17T03:16:11.069+00:00,2.483,0
50,4,escritura-cruza,escritura,cruza,cr-sj,cr-sj+cr-limon,2026-09-17T03:16:11.071+00:00,3.459,0
51,1,lectura-local,lectura,local,cr-sj,cr-sj,2026-09-17T03:16:11.075+00:00,0.251,0
51,2,escritura-local,escritura,local,cr-sj,cr-sj,2026-09-17T03:16:11.075+00:00,3.228,0
51,3,escritura-cruza,escritura,cruza,cr-sj,cr-sj+cr-limon,2026-09-17T03:16:11.078+00:00,3.749,0
51,4,lectura-remota,lectura,remota,cr-sj,cr-limon,2026-09-17T03:16:11.082+00:00,0.293,0
52,1,escritura-cruza,escritura,cruza,cr-sj,cr-sj+cr-limon,2026-09-17T03:16:11.082+00:00,3.105,0
52,2,lectura-remota,lectura,remota,cr-sj,cr-limon,2026-09-17T03:16:11.085+00:00,0.249,0
52,3,escritura-local,escritura,local,cr-sj,cr-sj,2026-09-17T03:16:11.086+00:00,2.482,0
52,4,lectura-local,lectura,local,cr-sj,cr-sj,2026-09-17T03:16:11.088+00:00,0.230,0
53,1,escritura-local,escritura,local,cr-sj,cr-sj,2026-09-17T03:16:11.089+00:00,2.390,0
53,2,lectura-remota,lectura,remota,cr-sj,cr-limon,2026-09-17T03:16:11.091+00:00,0.226,0
53,3,lectura-local,lectura,local,cr-sj,cr-sj,2026-09-17T03:16:11.091+00:00,0.216,0
53,4,escritura-cruza,escritura,cruza,cr-sj,cr-sj+cr-limon,2026-09-17T03:16:11.091+00:00,2.425,0
54,1,escritura-cruza,escritura,cruza,cr-sj,cr-sj+cr-limon,2026-09-17T03:16:11.094+00:00,2.498,0
54,2,escritura-local,escritura,local,cr-sj,cr-sj,2026-09-17T03:16:11.097+00:00,2.449,0
54,3,lectura-remota,lectura,remota,cr-sj,cr-limon,2026-09-17T03:16:11.099+00:00,0.262,0
54,4,lectura-local,lectura,local,cr-sj,cr-sj,2026-09-17T03:16:11.099+00:00,0.228,0
55,1,lectura-remota,lectura,remota,cr-sj,cr-limon,2026-09-17T03:16:11.100+00:00,0.229,0
55,2,escritura-local,escritura,local,cr-sj,cr-sj,2026-09-17T03:16:11.100+00:00,3.062,0
55,3,lectura-local,lectura,local,cr-sj,cr-sj,2026-09-17T03:16:11.103+00:00,0.325,0
55,4,escritura-cruza,escritura,cruza,cr-sj,cr-sj+cr-limon,2026-09-17T03:16:11.103+00:00,2.527,0
56,1,escritura-cruza,escritura,cruza,cr-sj,cr-sj+cr-limon,2026-09-17T03:16:11.106+00:00,2.788,0
56,2,lectura-local,lectura,local,cr-sj,cr-sj,2026-09-17T03:16:11.109+00:00,0.290,0
56,3,lectura-remota,lectura,remota,cr-sj,cr-limon,2026-09-17T03:16:11.109+00:00,0.223,0
56,4,escritura-local,escritura,local,cr-sj,cr-sj,2026-09-17T03:16:11.109+00:00,2.386,0
57,1,lectura-local,lectura,local,cr-sj,cr-sj,2026-09-17T03:16:11.112+00:00,0.238,0
57,2,lectura-remota,lectura,remota,cr-sj,cr-limon,2026-09-17T03:16:11.112+00:00,0.219,0
57,3,escritura-cruza,escritura,cruza,cr-sj,cr-sj+cr-limon,2026-09-17T03:16:11.112+00:00,2.407,0
57,4,escritura-local,escritura,local,cr-sj,cr-sj,2026-09-17T03:16:11.115+00:00,2.398,0
58,1,escritura-local,escritura,local,cr-sj,cr-sj,2026-09-17T03:16:11.117+00:00,2.474,0
58,2,lectura-local,lectura,local,cr-sj,cr-sj,2026-09-17T03:16:11.120+00:00,0.274,0
58,3,escritura-cruza,escritura,cruza,cr-sj,cr-sj+cr-limon,2026-09-17T03:16:11.120+00:00,2.662,0
58,4,lectura-remota,lectura,remota,cr-sj,cr-limon,2026-09-17T03:16:11.123+00:00,0.231,0
59,1,lectura-remota,lectura,remota,cr-sj,cr-limon,2026-09-17T03:16:11.123+00:00,0.210,0
59,2,escritura-cruza,escritura,cruza,cr-sj,cr-sj+cr-limon,2026-09-17T03:16:11.123+00:00,2.686,0
59,3,escritura-local,escritura,local,cr-sj,cr-sj,2026-09-17T03:16:11.126+00:00,2.544,0
59,4,lectura-local,lectura,local,cr-sj,cr-sj,2026-09-17T03:16:11.128+00:00,0.217,0
60,1,lectura-remota,lectura,remota,cr-sj,cr-limon,2026-09-17T03:16:11.129+00:00,0.203,0
60,2,escritura-local,escritura,local,cr-sj,cr-sj,2026-09-17T03:16:11.129+00:00,2.469,0
60,3,escritura-cruza,escritura,cruza,cr-sj,cr-sj+cr-limon,2026-09-17T03:16:11.131+00:00,2.442,0
60,4,lectura-local,lectura,local,cr-sj,cr-sj,2026-09-17T03:16:11.134+00:00,0.179,0
61,1,lectura-remota,lectura,remota,cr-sj,cr-limon,2026-09-17T03:16:11.134+00:00,0.200,0
61,2,escritura-local,escritura,local,cr-sj,cr-sj,2026-09-17T03:16:11.134+00:00,2.477,0
61,3,escritura-cruza,escritura,cruza,cr-sj,cr-sj+cr-limon,2026-09-17T03:16:11.137+00:00,2.519,0
61,4,lectura-local,lectura,local,cr-sj,cr-sj,2026-09-17T03:16:11.139+00:00,0.309,0
62,1,lectura-local,lectura,local,cr-sj,cr-sj,2026-09-17T03:16:11.140+00:00,0.210,0
62,2,escritura-cruza,escritura,cruza,cr-sj,cr-sj+cr-limon,2026-09-17T03:16:11.140+00:00,2.472,0
62,3,escritura-local,escritura,local,cr-sj,cr-sj,2026-09-17T03:16:11.142+00:00,2.535,0
62,4,lectura-remota,lectura,remota,cr-sj,cr-limon,2026-09-17T03:16:11.145+00:00,0.232,0
63,1,lectura-local,lectura,local,cr-sj,cr-sj,2026-09-17T03:16:11.145+00:00,0.167,0
63,2,escritura-cruza,escritura,cruza,cr-sj,cr-sj+cr-limon,2026-09-17T03:16:11.145+00:00,2.524,0
63,3,lectura-remota,lectura,remota,cr-sj,cr-limon,2026-09-17T03:16:11.148+00:00,0.231,0
63,4,escritura-local,escritura,local,cr-sj,cr-sj,2026-09-17T03:16:11.148+00:00,2.516,0
64,1,escritura-cruza,escritura,cruza,cr-sj,cr-sj+cr-limon,2026-09-17T03:16:11.151+00:00,2.514,0
64,2,lectura-remota,lectura,remota,cr-sj,cr-limon,2026-09-17T03:16:11.153+00:00,0.218,0
64,3,escritura-local,escritura,local,cr-sj,cr-sj,2026-09-17T03:16:11.154+00:00,2.501,0
64,4,lectura-local,lectura,local,cr-sj,cr-sj,2026-09-17T03:16:11.156+00:00,0.218,0
65,1,lectura-local,lectura,local,cr-sj,cr-sj,2026-09-17T03:16:11.156+00:00,0.204,0
65,2,escritura-cruza,escritura,cruza,cr-sj,cr-sj+cr-limon,2026-09-17T03:16:11.157+00:00,2.531,0
65,3,lectura-remota,lectura,remota,cr-sj,cr-limon,2026-09-17T03:16:11.159+00:00,0.219,0
65,4,escritura-local,escritura,local,cr-sj,cr-sj,2026-09-17T03:16:11.159+00:00,2.441,0
66,1,lectura-local,lectura,local,cr-sj,cr-sj,2026-09-17T03:16:11.162+00:00,0.224,0
66,2,escritura-local,escritura,local,cr-sj,cr-sj,2026-09-17T03:16:11.162+00:00,2.476,0
66,3,escritura-cruza,escritura,cruza,cr-sj,cr-sj+cr-limon,2026-09-17T03:16:11.165+00:00,2.470,0
66,4,lectura-remota,lectura,remota,cr-sj,cr-limon,2026-09-17T03:16:11.167+00:00,0.224,0
67,1,escritura-cruza,escritura,cruza,cr-sj,cr-sj+cr-limon,2026-09-17T03:16:11.167+00:00,2.503,0
67,2,lectura-remota,lectura,remota,cr-sj,cr-limon,2026-09-17T03:16:11.170+00:00,0.187,0
67,3,lectura-local,lectura,local,cr-sj,cr-sj,2026-09-17T03:16:11.170+00:00,0.199,0
67,4,escritura-local,escritura,local,cr-sj,cr-sj,2026-09-17T03:16:11.170+00:00,2.501,0
68,1,lectura-remota,lectura,remota,cr-sj,cr-limon,2026-09-17T03:16:11.173+00:00,0.173,0
68,2,escritura-local,escritura,local,cr-sj,cr-sj,2026-09-17T03:16:11.173+00:00,2.780,0
68,3,escritura-cruza,escritura,cruza,cr-sj,cr-sj+cr-limon,2026-09-17T03:16:11.176+00:00,2.327,0
68,4,lectura-local,lectura,local,cr-sj,cr-sj,2026-09-17T03:16:11.178+00:00,0.179,0
69,1,lectura-local,lectura,local,cr-sj,cr-sj,2026-09-17T03:16:11.178+00:00,0.157,0
69,2,escritura-local,escritura,local,cr-sj,cr-sj,2026-09-17T03:16:11.179+00:00,2.194,0
69,3,lectura-remota,lectura,remota,cr-sj,cr-limon,2026-09-17T03:16:11.181+00:00,0.185,0
69,4,escritura-cruza,escritura,cruza,cr-sj,cr-sj+cr-limon,2026-09-17T03:16:11.181+00:00,3.070,0
70,1,escritura-cruza,escritura,cruza,cr-sj,cr-sj+cr-limon,2026-09-17T03:16:11.184+00:00,2.627,0
70,2,lectura-remota,lectura,remota,cr-sj,cr-limon,2026-09-17T03:16:11.187+00:00,0.171,0
70,3,lectura-local,lectura,local,cr-sj,cr-sj,2026-09-17T03:16:11.187+00:00,0.212,0
70,4,escritura-local,escritura,local,cr-sj,cr-sj,2026-09-17T03:16:11.187+00:00,2.538,0
71,1,escritura-cruza,escritura,cruza,cr-sj,cr-sj+cr-limon,2026-09-17T03:16:11.190+00:00,2.531,0
71,2,escritura-local,escritura,local,cr-sj,cr-sj,2026-09-17T03:16:11.192+00:00,3.390,0
71,3,lectura-local,lectura,local,cr-sj,cr-sj,2026-09-17T03:16:11.196+00:00,0.183,0
71,4,lectura-remota,lectura,remota,cr-sj,cr-limon,2026-09-17T03:16:11.196+00:00,0.214,0
72,1,escritura-local,escritura,local,cr-sj,cr-sj,2026-09-17T03:16:11.196+00:00,3.243,0
72,2,escritura-cruza,escritura,cruza,cr-sj,cr-sj+cr-limon,2026-09-17T03:16:11.199+00:00,4.764,0
72,3,lectura-remota,lectura,remota,cr-sj,cr-limon,2026-09-17T03:16:11.204+00:00,0.360,0
72,4,lectura-local,lectura,local,cr-sj,cr-sj,2026-09-17T03:16:11.205+00:00,0.251,0
73,1,lectura-remota,lectura,remota,cr-sj,cr-limon,2026-09-17T03:16:11.205+00:00,0.182,0
73,2,escritura-cruza,escritura,cruza,cr-sj,cr-sj+cr-limon,2026-09-17T03:16:11.205+00:00,3.348,0
73,3,escritura-local,escritura,local,cr-sj,cr-sj,2026-09-17T03:16:11.209+00:00,2.420,0
73,4,lectura-local,lectura,local,cr-sj,cr-sj,2026-09-17T03:16:11.211+00:00,0.213,0
74,1,lectura-remota,lectura,remota,cr-sj,cr-limon,2026-09-17T03:16:11.211+00:00,0.164,0
74,2,lectura-local,lectura,local,cr-sj,cr-sj,2026-09-17T03:16:11.211+00:00,0.164,0
74,3,escritura-cruza,escritura,cruza,cr-sj,cr-sj+cr-limon,2026-09-17T03:16:11.212+00:00,2.478,0
74,4,escritura-local,escritura,local,cr-sj,cr-sj,2026-09-17T03:16:11.214+00:00,2.720,0
75,1,escritura-cruza,escritura,cruza,cr-sj,cr-sj+cr-limon,2026-09-17T03:16:11.217+00:00,2.768,0
75,2,escritura-local,escritura,local,cr-sj,cr-sj,2026-09-17T03:16:11.220+00:00,2.973,0
75,3,lectura-remota,lectura,remota,cr-sj,cr-limon,2026-09-17T03:16:11.223+00:00,0.271,0
75,4,lectura-local,lectura,local,cr-sj,cr-sj,2026-09-17T03:16:11.223+00:00,0.177,0
76,1,escritura-cruza,escritura,cruza,cr-sj,cr-sj+cr-limon,2026-09-17T03:16:11.223+00:00,2.388,0
76,2,escritura-local,escritura,local,cr-sj,cr-sj,2026-09-17T03:16:11.226+00:00,2.325,0
76,3,lectura-local,lectura,local,cr-sj,cr-sj,2026-09-17T03:16:11.228+00:00,0.181,0
76,4,lectura-remota,lectura,remota,cr-sj,cr-limon,2026-09-17T03:16:11.228+00:00,0.159,0
77,1,lectura-local,lectura,local,cr-sj,cr-sj,2026-09-17T03:16:11.228+00:00,0.151,0
77,2,escritura-cruza,escritura,cruza,cr-sj,cr-sj+cr-limon,2026-09-17T03:16:11.229+00:00,2.259,0
77,3,escritura-local,escritura,local,cr-sj,cr-sj,2026-09-17T03:16:11.231+00:00,2.530,0
77,4,lectura-remota,lectura,remota,cr-sj,cr-limon,2026-09-17T03:16:11.233+00:00,0.223,0
78,1,escritura-local,escritura,local,cr-sj,cr-sj,2026-09-17T03:16:11.234+00:00,2.563,0
78,2,lectura-remota,lectura,remota,cr-sj,cr-limon,2026-09-17T03:16:11.236+00:00,0.262,0
78,3,escritura-cruza,escritura,cruza,cr-sj,cr-sj+cr-limon,2026-09-17T03:16:11.237+00:00,2.560,0
78,4,lectura-local,lectura,local,cr-sj,cr-sj,2026-09-17T03:16:11.239+00:00,0.239,0
79,1,lectura-remota,lectura,remota,cr-sj,cr-limon,2026-09-17T03:16:11.240+00:00,0.223,0
79,2,lectura-local,lectura,local,cr-sj,cr-sj,2026-09-17T03:16:11.240+00:00,0.227,0
79,3,escritura-local,escritura,local,cr-sj,cr-sj,2026-09-17T03:16:11.240+00:00,2.264,0
79,4,escritura-cruza,escritura,cruza,cr-sj,cr-sj+cr-limon,2026-09-17T03:16:11.242+00:00,2.415,0
80,1,lectura-local,lectura,local,cr-sj,cr-sj,2026-09-17T03:16:11.245+00:00,0.172,0
80,2,escritura-cruza,escritura,cruza,cr-sj,cr-sj+cr-limon,2026-09-17T03:16:11.245+00:00,2.601,0
80,3,escritura-local,escritura,local,cr-sj,cr-sj,2026-09-17T03:16:11.248+00:00,2.504,0
80,4,lectura-remota,lectura,remota,cr-sj,cr-limon,2026-09-17T03:16:11.250+00:00,0.227,0
81,1,escritura-local,escritura,local,cr-sj,cr-sj,2026-09-17T03:16:11.250+00:00,2.542,0
81,2,escritura-cruza,escritura,cruza,cr-sj,cr-sj+cr-limon,2026-09-17T03:16:11.253+00:00,2.691,0
81,3,lectura-remota,lectura,remota,cr-sj,cr-limon,2026-09-17T03:16:11.256+00:00,0.266,0
81,4,lectura-local,lectura,local,cr-sj,cr-sj,2026-09-17T03:16:11.256+00:00,0.200,0
82,1,lectura-remota,lectura,remota,cr-sj,cr-limon,2026-09-17T03:16:11.256+00:00,0.195,0
82,2,lectura-local,lectura,local,cr-sj,cr-sj,2026-09-17T03:16:11.256+00:00,0.177,0
82,3,escritura-local,escritura,local,cr-sj,cr-sj,2026-09-17T03:16:11.257+00:00,2.671,0
82,4,escritura-cruza,escritura,cruza,cr-sj,cr-sj+cr-limon,2026-09-17T03:16:11.259+00:00,2.452,0
83,1,lectura-local,lectura,local,cr-sj,cr-sj,2026-09-17T03:16:11.262+00:00,0.202,0
83,2,escritura-cruza,escritura,cruza,cr-sj,cr-sj+cr-limon,2026-09-17T03:16:11.262+00:00,2.518,0
83,3,lectura-remota,lectura,remota,cr-sj,cr-limon,2026-09-17T03:16:11.265+00:00,0.242,0
83,4,escritura-local,escritura,local,cr-sj,cr-sj,2026-09-17T03:16:11.265+00:00,2.558,0
84,1,lectura-remota,lectura,remota,cr-sj,cr-limon,2026-09-17T03:16:11.267+00:00,0.226,0
84,2,escritura-local,escritura,local,cr-sj,cr-sj,2026-09-17T03:16:11.268+00:00,2.437,0
84,3,escritura-cruza,escritura,cruza,cr-sj,cr-sj+cr-limon,2026-09-17T03:16:11.270+00:00,2.263,0
84,4,lectura-local,lectura,local,cr-sj,cr-sj,2026-09-17T03:16:11.273+00:00,0.225,0
85,1,escritura-local,escritura,local,cr-sj,cr-sj,2026-09-17T03:16:11.273+00:00,2.449,0
85,2,lectura-local,lectura,local,cr-sj,cr-sj,2026-09-17T03:16:11.275+00:00,0.224,0
85,3,escritura-cruza,escritura,cruza,cr-sj,cr-sj+cr-limon,2026-09-17T03:16:11.276+00:00,2.375,0
85,4,lectura-remota,lectura,remota,cr-sj,cr-limon,2026-09-17T03:16:11.278+00:00,0.246,0
86,1,escritura-local,escritura,local,cr-sj,cr-sj,2026-09-17T03:16:11.278+00:00,2.332,0
86,2,lectura-remota,lectura,remota,cr-sj,cr-limon,2026-09-17T03:16:11.281+00:00,0.165,0
86,3,lectura-local,lectura,local,cr-sj,cr-sj,2026-09-17T03:16:11.281+00:00,0.212,0
86,4,escritura-cruza,escritura,cruza,cr-sj,cr-sj+cr-limon,2026-09-17T03:16:11.281+00:00,2.385,0
87,1,lectura-local,lectura,local,cr-sj,cr-sj,2026-09-17T03:16:11.283+00:00,0.167,0
87,2,lectura-remota,lectura,remota,cr-sj,cr-limon,2026-09-17T03:16:11.284+00:00,0.212,0
87,3,escritura-local,escritura,local,cr-sj,cr-sj,2026-09-17T03:16:11.284+00:00,2.432,0
87,4,escritura-cruza,escritura,cruza,cr-sj,cr-sj+cr-limon,2026-09-17T03:16:11.286+00:00,2.423,0
88,1,escritura-local,escritura,local,cr-sj,cr-sj,2026-09-17T03:16:11.289+00:00,2.383,0
88,2,lectura-local,lectura,local,cr-sj,cr-sj,2026-09-17T03:16:11.291+00:00,0.219,0
88,3,escritura-cruza,escritura,cruza,cr-sj,cr-sj+cr-limon,2026-09-17T03:16:11.291+00:00,2.360,0
88,4,lectura-remota,lectura,remota,cr-sj,cr-limon,2026-09-17T03:16:11.294+00:00,0.212,0
89,1,lectura-local,lectura,local,cr-sj,cr-sj,2026-09-17T03:16:11.294+00:00,0.215,0
89,2,escritura-cruza,escritura,cruza,cr-sj,cr-sj+cr-limon,2026-09-17T03:16:11.294+00:00,2.309,0
89,3,escritura-local,escritura,local,cr-sj,cr-sj,2026-09-17T03:16:11.297+00:00,2.554,0
89,4,lectura-remota,lectura,remota,cr-sj,cr-limon,2026-09-17T03:16:11.299+00:00,0.432,0
90,1,escritura-cruza,escritura,cruza,cr-sj,cr-sj+cr-limon,2026-09-17T03:16:11.300+00:00,3.694,0
90,2,lectura-remota,lectura,remota,cr-sj,cr-limon,2026-09-17T03:16:11.304+00:00,0.299,0
90,3,lectura-local,lectura,local,cr-sj,cr-sj,2026-09-17T03:16:11.304+00:00,0.181,0
90,4,escritura-local,escritura,local,cr-sj,cr-sj,2026-09-17T03:16:11.304+00:00,2.640,0
91,1,lectura-remota,lectura,remota,cr-sj,cr-limon,2026-09-17T03:16:11.307+00:00,0.234,0
91,2,escritura-cruza,escritura,cruza,cr-sj,cr-sj+cr-limon,2026-09-17T03:16:11.307+00:00,2.274,0
91,3,lectura-local,lectura,local,cr-sj,cr-sj,2026-09-17T03:16:11.309+00:00,0.213,0
91,4,escritura-local,escritura,local,cr-sj,cr-sj,2026-09-17T03:16:11.310+00:00,2.387,0
92,1,lectura-remota,lectura,remota,cr-sj,cr-limon,2026-09-17T03:16:11.312+00:00,0.218,0
92,2,escritura-local,escritura,local,cr-sj,cr-sj,2026-09-17T03:16:11.312+00:00,2.681,0
92,3,lectura-local,lectura,local,cr-sj,cr-sj,2026-09-17T03:16:11.315+00:00,0.282,0
92,4,escritura-cruza,escritura,cruza,cr-sj,cr-sj+cr-limon,2026-09-17T03:16:11.315+00:00,2.558,0
93,1,lectura-remota,lectura,remota,cr-sj,cr-limon,2026-09-17T03:16:11.318+00:00,0.238,0
93,2,escritura-cruza,escritura,cruza,cr-sj,cr-sj+cr-limon,2026-09-17T03:16:11.318+00:00,2.925,0
93,3,escritura-local,escritura,local,cr-sj,cr-sj,2026-09-17T03:16:11.321+00:00,7.387,0
93,4,lectura-local,lectura,local,cr-sj,cr-sj,2026-09-17T03:16:11.329+00:00,0.297,0
94,1,escritura-local,escritura,local,cr-sj,cr-sj,2026-09-17T03:16:11.329+00:00,3.679,0
94,2,lectura-local,lectura,local,cr-sj,cr-sj,2026-09-17T03:16:11.333+00:00,0.288,0
94,3,escritura-cruza,escritura,cruza,cr-sj,cr-sj+cr-limon,2026-09-17T03:16:11.333+00:00,2.923,0
94,4,lectura-remota,lectura,remota,cr-sj,cr-limon,2026-09-17T03:16:11.336+00:00,0.365,0
95,1,escritura-cruza,escritura,cruza,cr-sj,cr-sj+cr-limon,2026-09-17T03:16:11.336+00:00,3.145,0
95,2,lectura-remota,lectura,remota,cr-sj,cr-limon,2026-09-17T03:16:11.340+00:00,0.312,0
95,3,lectura-local,lectura,local,cr-sj,cr-sj,2026-09-17T03:16:11.340+00:00,0.279,0
95,4,escritura-local,escritura,local,cr-sj,cr-sj,2026-09-17T03:16:11.340+00:00,2.598,0
96,1,escritura-cruza,escritura,cruza,cr-sj,cr-sj+cr-limon,2026-09-17T03:16:11.343+00:00,2.986,0
96,2,escritura-local,escritura,local,cr-sj,cr-sj,2026-09-17T03:16:11.346+00:00,2.868,0
96,3,lectura-remota,lectura,remota,cr-sj,cr-limon,2026-09-17T03:16:11.349+00:00,0.187,0
96,4,lectura-local,lectura,local,cr-sj,cr-sj,2026-09-17T03:16:11.349+00:00,0.168,0
97,1,escritura-local,escritura,local,cr-sj,cr-sj,2026-09-17T03:16:11.349+00:00,2.540,0
97,2,escritura-cruza,escritura,cruza,cr-sj,cr-sj+cr-limon,2026-09-17T03:16:11.352+00:00,2.613,0
97,3,lectura-local,lectura,local,cr-sj,cr-sj,2026-09-17T03:16:11.354+00:00,0.175,0
97,4,lectura-remota,lectura,remota,cr-sj,cr-limon,2026-09-17T03:16:11.355+00:00,0.155,0
98,1,escritura-cruza,escritura,cruza,cr-sj,cr-sj+cr-limon,2026-09-17T03:16:11.355+00:00,2.446,0
98,2,lectura-remota,lectura,remota,cr-sj,cr-limon,2026-09-17T03:16:11.357+00:00,0.316,0
98,3,lectura-local,lectura,local,cr-sj,cr-sj,2026-09-17T03:16:11.358+00:00,0.301,0
98,4,escritura-local,escritura,local,cr-sj,cr-sj,2026-09-17T03:16:11.358+00:00,2.835,0
99,1,escritura-local,escritura,local,cr-sj,cr-sj,2026-09-17T03:16:11.361+00:00,2.347,0
99,2,lectura-remota,lectura,remota,cr-sj,cr-limon,2026-09-17T03:16:11.363+00:00,0.275,0
99,3,escritura-cruza,escritura,cruza,cr-sj,cr-sj+cr-limon,2026-09-17T03:16:11.364+00:00,3.002,0
99,4,lectura-local,lectura,local,cr-sj,cr-sj,2026-09-17T03:16:11.367+00:00,0.856,0
100,1,lectura-remota,lectura,remota,cr-sj,cr-limon,2026-09-17T03:16:11.368+00:00,0.197,0
100,2,escritura-local,escritura,local,cr-sj,cr-sj,2026-09-17T03:16:11.368+00:00,2.593,0
100,3,escritura-cruza,escritura,cruza,cr-sj,cr-sj+cr-limon,2026-09-17T03:16:11.370+00:00,2.570,0
100,4,lectura-local,lectura,local,cr-sj,cr-sj,2026-09-17T03:16:11.373+00:00,0.225,0
